city,country,x1,x9,x10,x11,x12,x13,x14,x15,x16,x17,x18,x19,x20,x21,x22,x23,x24,x25,x26,x28,x29,x33,x34,x35,x36,x38,x39,x44,x45,x46,x47,x48,x49,x50,x51,x52,x53,x54,x55,weekly_groceries,latitude,longitude
Paris,France,15.58,1.25,2.08,2.17,3.58,17.2,12.68,22.13,3.02,2.04,2.76,3.69,2.15,2.16,1.49,0.83,8.31,2.08,2.98,1.97,77.9,2.1,22851.33,28272.02,197.79,30.52,37.16,101.55,40.47,92.98,136.99,1325.47,978.26,2968.63,2018.27,12811.7,9084.89,2741.22,1.67,105.2,48.8588897,2.3200410217200766
London,United Kingdom,18.02,1.32,1.24,2.09,2.86,7.76,7.93,11.68,2.5,1.5,2.21,2.8,1.37,1.41,1.01,1.38,10.81,2.31,2.82,3.12,180.18,2.11,27627.06,27839.82,288.5,35.29,51.32,88.55,40.49,89.98,105.4,2311.99,1669.19,3875.48,2730.82,14554.52,7905.58,3905.7,2.91,80.2,51.5073219,-0.1276474
Madrid,Spain,12.46,0.89,1.08,1.2,2.38,10.5,7.34,11.9,2.09,1.88,1.71,1.9,1.25,1.4,1.04,0.72,5.19,1.03,1.58,1.56,56.66,1.98,25967.42,25042.03,163.71,37.21,42.61,75.35,34.62,78.15,95.09,1041.06,827.49,1781.48,1287.54,5469.86,3667.02,2022.6,2.29,65.96000000000001,40.4167047,-3.7035825
Barcelona,Spain,14.54,0.98,1.48,1.33,2.59,12.13,7.34,11.97,2.04,1.96,1.8,2.28,1.38,1.5,1.05,0.8,6.23,1.14,1.7,2.49,41.55,2.02,25966.38,26447.5,168.41,39.57,45.0,75.31,32.3,80.89,105.06,1075.89,840.13,1772.54,1368.73,5030.24,3059.61,1924.32,2.11,72.54,41.3828939,2.1774322
Berlin,Germany,12.46,1.17,1.67,2.39,2.98,12.14,9.73,14.22,2.7,1.82,2.52,3.09,1.98,1.48,1.4,0.68,5.71,1.11,1.59,3.12,88.29,2.14,27006.11,28068.05,302.6,39.91,40.44,86.72,36.66,84.97,108.49,1307.95,953.36,2410.4,1722.39,8481.5,5598.57,3086.47,2.16,79.25000000000003,52.5170365,13.3888599
Rome,Italy,16.1,1.58,1.6,2.19,3.48,16.16,9.74,15.47,2.39,1.88,2.38,2.64,1.58,1.55,1.13,0.53,6.75,1.49,2.28,1.56,36.35,2.04,25967.42,28245.13,194.77,28.84,52.37,82.22,36.0,94.75,114.59,1055.02,717.64,2251.75,1348.63,7023.57,3534.68,1549.17,1.91,88.63999999999999,41.8933203,12.4829321
Vienna,Austria,15.58,1.33,1.91,1.9,3.64,11.69,10.8,15.84,2.32,1.79,2.54,3.02,1.71,1.45,1.56,0.67,6.23,1.07,1.48,2.49,36.35,2.0,24367.82,20179.93,213.45,33.66,28.68,94.92,34.32,92.17,123.29,983.06,690.86,1932.98,1328.32,9095.45,5760.31,2662.28,2.15,85.05,48.2083537,16.3725042
Hamburg,Germany,14.02,1.18,2.34,2.23,3.69,11.94,8.87,13.97,2.93,1.83,2.27,2.03,1.43,0.97,1.19,0.7,7.27,0.71,1.4,3.39,95.56,2.2,27483.91,31289.01,283.04,37.21,54.57,90.48,44.46,107.07,146.58,1107.94,832.6,2114.05,1587.26,9125.69,5853.8,3127.85,1.94,79.57,53.550341,10.000654
Brussels,Belgium,15.58,1.11,2.0,1.95,3.02,14.45,9.83,17.06,2.36,1.6,2.53,2.57,1.4,1.27,1.51,0.98,8.31,2.18,3.28,2.49,51.93,1.95,25967.42,27764.36,206.48,50.69,32.04,82.62,29.37,90.37,122.67,963.92,804.19,1692.13,1489.71,4122.27,3445.01,2736.44,1.64,89.71000000000001,50.8465573,4.351697
Munich,Germany,15.58,1.26,1.91,2.39,3.34,13.59,10.25,19.3,2.9,1.85,2.49,2.83,2.09,1.32,1.48,0.82,7.27,1.04,1.94,3.64,61.39,2.18,25759.68,23145.41,302.32,37.61,40.06,89.94,37.01,92.98,119.4,1407.34,1077.2,2563.69,1932.74,12777.09,9381.58,3435.65,2.0,91.71,48.1371079,11.5753822
Milan,Italy,20.77,1.49,2.27,2.72,3.54,14.14,10.82,20.06,2.37,2.05,2.1,2.77,1.49,1.14,1.15,0.48,7.27,1.48,2.05,2.08,40.51,2.06,25188.39,28372.65,215.09,29.61,77.92,94.52,34.14,100.45,157.4,1304.32,856.0,2689.48,1746.49,8983.21,4691.45,1868.62,1.66,98.10999999999999,45.4641943,9.1896346
Birmingham,United Kingdom,12.9,1.17,1.18,1.56,2.29,7.31,6.6,9.55,2.11,1.18,2.24,2.23,1.32,1.3,0.68,1.31,8.41,1.88,1.96,2.88,72.07,1.9,28828.24,27226.67,214.74,32.43,31.08,77.41,36.04,86.85,75.07,970.33,741.2,2134.34,1411.38,6790.28,3964.17,2907.2,3.05,65.22,52.4796992,-1.9026911
Copenhagen,Denmark,19.55,1.79,2.83,2.48,4.2,11.53,10.31,14.77,2.76,2.47,2.57,3.86,1.73,1.4,1.8,1.13,9.78,1.72,2.23,3.35,75.42,2.17,39107.33,37350.11,200.85,36.22,40.09,105.17,50.67,113.99,155.3,1705.63,1278.77,2593.58,1985.3,7693.77,5370.61,3595.94,1.69,96.68,55.6867243,12.5700724
Cologne,Germany,12.98,1.08,1.91,2.15,2.67,12.08,10.14,13.85,2.76,1.65,2.11,1.39,1.88,1.2,1.5,0.64,5.19,0.56,1.87,3.12,98.68,2.17,24092.57,27629.75,276.45,34.39,32.08,85.04,30.12,83.47,115.21,886.09,681.64,1649.93,1206.37,5933.55,4596.23,2444.84,2.67,75.74,50.938361,6.959974
Stockholm,Sweden,12.38,1.43,2.74,2.73,3.62,9.32,11.67,18.14,2.93,2.39,2.49,3.85,1.33,1.24,2.21,1.39,9.53,1.94,2.18,3.72,92.4,2.13,24767.91,24690.93,98.3,33.5,41.25,86.19,39.66,92.39,122.69,1365.56,1016.12,2274.5,1547.31,10986.5,6504.01,2981.76,2.43,91.32999999999998,59.3251172,18.0710935
Amsterdam,Netherlands,19.22,1.24,1.59,2.06,3.69,13.47,9.88,20.85,2.43,1.78,1.89,3.05,1.83,1.17,1.04,1.03,6.75,1.53,1.89,3.32,103.87,2.22,28034.42,30818.13,277.41,48.88,42.55,87.56,39.67,98.4,134.73,1769.11,1512.73,2970.6,2175.95,9626.48,6437.84,3606.11,3.04,94.50000000000001,52.3730796,4.8924534
Oslo,Norway,20.11,2.06,3.41,3.16,4.05,12.02,13.85,27.09,2.92,2.16,2.89,3.77,2.16,2.59,2.45,2.26,17.09,3.31,4.15,3.92,81.84,2.18,35187.48,34065.51,239.31,48.99,45.68,91.19,41.68,101.34,126.29,1405.05,1144.04,2296.3,1822.67,9614.74,7223.27,3567.74,2.78,127.35000000000001,59.9133301,10.7389701
Helsinki,Finland,13.5,1.02,2.35,2.24,2.45,7.5,10.84,18.08,2.39,1.74,2.28,3.66,1.15,1.46,1.94,1.68,12.46,2.63,3.11,2.91,67.52,2.32,31160.9,31680.25,106.32,22.52,38.62,94.6,41.06,83.03,133.21,1041.66,830.09,2085.59,1440.51,8789.35,4652.27,2834.36,1.27,89.37,60.1674881,24.9427473
Dublin,Ireland,18.7,1.25,1.83,1.46,3.23,8.75,9.47,11.03,2.61,1.83,2.44,3.11,1.68,1.07,1.01,1.47,12.46,2.69,3.53,2.08,124.64,2.1,31160.9,30422.91,231.01,57.62,47.55,83.17,37.13,90.27,100.97,1989.88,1738.62,3599.73,2880.73,7619.4,4698.48,3131.83,3.39,86.09,53.3498006,-6.2602964
Lisbon,Portugal,12.46,0.86,1.31,1.26,2.57,8.85,6.84,10.88,1.9,1.27,1.49,1.97,1.15,1.22,1.23,0.8,4.15,1.26,2.04,1.87,41.55,2.09,28044.81,30757.11,127.21,34.41,39.32,79.26,32.8,71.41,94.56,1215.82,801.79,2118.56,1302.23,5695.09,3103.4,1099.9,2.42,61.47,38.7077507,-9.1365919
Nicosia,Cyprus,13.5,1.47,1.92,2.47,3.02,10.22,7.68,8.92,2.64,1.74,2.09,2.45,1.1,0.82,0.44,0.97,7.27,1.32,2.26,2.08,41.55,1.52,20150.71,25084.52,161.6,31.0,58.74,81.36,39.99,85.6,101.79,626.33,511.27,1151.73,897.17,2181.26,1569.59,1414.11,2.63,70.03999999999999,35.1748976,33.3638568
Ljubljana,Slovenia,10.39,1.12,1.59,1.87,2.68,11.23,8.54,11.14,1.99,1.39,1.99,2.89,0.93,1.26,1.46,0.74,6.23,1.2,1.92,1.35,38.43,1.61,21802.24,24016.74,246.17,34.38,44.33,77.38,36.22,93.9,110.88,695.79,559.26,1298.65,982.27,4532.13,3353.06,1368.51,2.1,68.64000000000001,46.0500268,14.5069289
Bern,Switzerland,26.42,1.68,2.94,2.93,6.15,23.83,28.73,57.37,4.03,3.0,3.52,4.12,2.23,2.09,2.11,1.29,12.68,1.84,2.11,3.8,83.48,2.03,42270.88,41319.78,202.63,52.43,68.9,112.15,40.51,124.17,142.66,1254.92,995.8,2465.8,1696.12,12505.13,6358.6,6143.37,2.1,186.96000000000004,46.9482713,7.4514512
Luxembourg,Luxembourg,20.49,1.28,3.24,2.31,3.57,20.2,11.85,18.18,2.63,1.45,2.44,4.39,1.56,2.37,1.5,0.6,9.35,1.66,2.06,0.0,0.0,1.69,25967.42,26695.9,297.59,55.69,48.95,92.44,42.14,122.05,120.75,1762.71,1513.9,3184.25,2458.25,13056.03,9667.59,4135.59,1.95,109.07,49.8158683,6.1296751
Valletta,Malta,18.7,1.07,1.62,2.78,2.7,12.12,9.35,15.23,2.6,1.89,2.26,3.84,2.59,3.12,1.83,1.47,7.27,1.79,3.25,1.56,27.01,1.42,17657.84,22158.86,156.72,53.09,74.44,107.76,66.22,132.43,176.58,967.29,824.47,2557.79,1465.72,8655.81,6128.31,1167.88,4.67,92.23000000000002,35.8989818,14.5136759
Naples,Italy,15.58,1.25,1.17,1.66,2.64,11.46,8.64,12.27,1.96,1.76,1.61,2.34,1.27,1.29,0.86,0.63,5.19,1.61,2.42,1.35,39.47,2.15,25136.46,25707.74,150.69,30.04,50.55,66.65,34.97,84.39,103.87,657.84,398.17,1096.93,843.94,4068.23,2207.23,1388.39,1.67,73.19,40.8358846,14.2487679
Turin,Italy,13.5,1.44,1.57,2.13,3.08,13.56,10.53,17.75,1.91,1.71,2.0,2.37,1.18,1.2,0.97,0.4,5.71,1.38,2.0,1.77,39.47,2.04,25266.3,27491.7,188.12,28.55,38.43,64.18,27.65,73.53,106.06,565.29,433.03,1343.81,794.88,3414.28,1761.95,1606.7,1.77,82.39,45.0677551,7.6824892
Marseille,France,12.98,1.11,1.87,2.02,3.96,8.31,9.78,27.27,2.86,1.76,2.55,2.37,1.8,1.96,1.51,0.56,7.27,2.25,2.42,1.97,51.93,2.1,20722.0,18686.15,143.02,31.31,26.59,76.86,26.15,88.29,128.11,705.02,553.97,1384.93,1012.73,5331.98,3531.57,2558.94,1.73,92.19,43.2961743,5.3699525
Leeds,United Kingdom,14.41,1.13,1.2,1.86,2.74,7.17,7.56,11.29,2.46,1.06,2.18,2.97,1.21,1.32,0.9,1.07,9.61,2.37,2.86,2.4,90.09,1.9,22221.77,24715.71,287.25,39.77,36.77,85.42,36.79,72.82,75.82,990.97,706.85,1777.74,1253.73,8608.43,4084.0,2626.61,3.0,72.51,53.7974185,-1.5437941
Valencia,Spain,12.46,0.9,1.05,1.19,2.16,12.99,6.93,13.36,2.07,1.63,1.84,2.08,1.64,1.64,1.17,0.62,5.19,1.03,1.42,1.56,32.74,1.67,20221.87,20540.23,138.68,33.71,38.19,70.31,30.38,75.51,90.45,796.93,592.06,1439.75,866.91,3318.64,1641.14,1535.37,2.11,69.95,39.4697065,-0.3763353
Frankfurt,Germany,14.02,1.1,1.78,2.23,2.83,12.3,9.98,16.03,2.73,1.71,2.13,1.67,1.82,0.97,1.38,0.52,6.23,0.9,1.26,2.86,96.6,2.22,25967.42,24492.47,338.15,38.09,47.12,83.01,36.82,89.39,130.99,1152.38,894.37,2188.58,1582.48,10196.54,7288.19,3337.85,2.88,80.33,50.1106444,8.6820917
Sevilla,Spain,10.39,0.82,0.8,1.18,2.32,11.36,7.16,12.22,2.48,2.0,1.88,2.23,1.18,1.84,1.08,0.6,5.19,1.0,1.77,1.45,36.51,1.79,25967.42,25569.25,119.27,36.54,40.25,70.76,29.86,69.33,88.29,664.55,464.26,1025.71,758.83,3310.85,2025.46,1543.45,2.61,65.73,37.3886303,-5.9953403
Palermo,Italy,10.39,0.9,1.66,1.85,2.4,13.37,8.61,13.21,2.0,1.44,1.41,2.26,1.0,1.06,1.26,0.35,4.15,1.34,1.75,1.56,37.91,2.24,23890.02,22643.59,199.83,30.81,36.35,75.31,34.62,97.04,105.17,519.35,363.54,830.96,597.25,1772.64,1402.24,1315.68,2.18,68.66,38.1112268,13.3524434
Dusseldorf,Germany,11.43,1.09,2.29,2.26,2.69,15.44,9.14,16.27,2.41,1.7,2.07,1.45,2.16,1.24,1.71,0.61,6.23,0.57,1.4,3.12,83.1,2.22,25967.42,23318.74,214.31,31.58,33.33,107.58,38.58,83.56,108.32,1009.84,767.34,1859.96,1388.66,6896.95,5647.91,3199.08,1.88,80.75999999999998,51.2254018,6.7763137
Rotterdam,Netherlands,16.1,1.07,1.86,1.94,2.41,11.1,8.82,26.11,2.75,1.39,1.47,2.61,1.12,0.94,0.83,0.9,6.22,1.25,1.78,4.15,83.1,2.2,25967.42,28834.48,233.29,43.11,30.05,66.65,37.26,90.73,97.64,1371.25,1024.96,1965.85,1589.84,4878.55,3123.17,3122.24,2.36,88.89,51.9244424,4.47775
Stuttgart,Germany,12.46,1.18,2.01,2.26,2.85,13.41,8.09,12.91,2.19,1.66,2.41,2.12,1.99,1.35,1.26,0.65,5.19,0.66,1.59,2.86,74.99,2.21,23890.02,25030.86,236.12,34.73,44.79,80.67,31.75,69.46,109.71,1038.7,850.45,1858.92,1350.31,8620.27,6241.82,3280.17,2.61,74.64999999999999,48.7784485,9.1800132
Glasgow,United Kingdom,18.02,1.15,1.25,1.36,2.51,7.51,7.15,11.42,2.13,1.16,1.9,2.14,1.1,1.01,0.92,1.06,8.41,1.91,2.44,3.0,96.09,1.93,28828.24,30544.21,220.06,34.72,32.56,75.07,31.53,82.58,74.32,945.27,725.89,1677.89,1204.34,5527.92,2819.76,2907.47,3.57,72.11,55.8609825,-4.2488787
Gothenburg,Sweden,11.43,1.27,2.31,2.53,3.14,8.79,8.87,15.16,2.67,2.1,2.38,3.13,1.26,1.27,2.13,1.42,8.57,1.76,1.88,3.33,77.64,1.93,24291.61,24359.65,115.22,29.76,32.8,85.98,33.96,87.64,119.35,1032.11,750.94,1514.15,1060.12,5976.82,3815.66,2773.23,2.6,80.19000000000001,57.7072326,11.9670171
Leipzig,Germany,9.35,1.05,1.52,1.72,2.26,11.9,8.03,13.16,2.3,1.67,1.99,1.38,1.31,0.95,1.21,0.47,4.67,0.6,1.4,3.12,84.13,2.26,24928.72,22505.09,235.5,38.81,28.97,64.55,44.14,78.13,84.58,573.23,400.48,1404.32,969.88,6232.18,2665.99,2199.44,1.87,65.53999999999999,51.3406321,12.3747329
Dortmund,Germany,12.46,1.0,2.18,2.24,3.63,12.88,7.71,17.66,2.83,1.64,2.37,0.82,2.0,0.92,1.82,0.9,5.19,0.55,1.55,3.11,72.71,2.29,25967.42,25967.42,291.44,36.96,25.37,89.33,38.95,76.17,112.53,690.73,380.86,1506.11,830.96,3531.57,2389.0,2608.61,2.5,78.8,51.5142273,7.4652789
Genoa,Italy,15.58,1.55,2.46,2.48,3.26,15.58,9.22,19.44,2.08,2.09,2.61,2.51,1.44,1.4,1.0,0.68,7.27,1.84,2.67,1.56,47.78,2.16,25967.42,29429.74,149.44,30.63,52.35,79.59,37.39,90.89,120.62,669.96,484.03,1038.7,830.96,3341.14,1246.44,1393.15,2.19,92.49000000000001,44.40726,8.9338624
Malaga,Spain,10.39,0.81,1.02,1.27,2.36,11.17,6.54,12.09,1.58,1.32,1.18,1.51,0.97,1.03,0.98,0.7,4.15,1.0,1.72,1.45,41.5,1.82,25967.42,23786.15,126.57,34.41,44.66,79.2,32.64,73.45,96.45,731.81,604.18,1136.07,948.05,3670.06,2311.1,1741.14,2.17,60.07,36.7213028,-4.4216366
Bristol,United Kingdom,18.02,1.29,1.27,1.8,2.56,6.58,6.64,9.24,2.32,1.52,2.59,2.91,1.68,1.14,0.87,1.21,9.61,2.1,2.77,3.0,100.18,1.92,26723.18,26726.18,255.74,40.49,35.09,84.08,34.97,75.5,82.44,1311.57,1029.58,2112.97,1621.59,7657.5,4275.96,2785.1,3.31,73.35,51.4538022,-2.5972985
Bremen,Germany,12.46,1.19,1.7,1.93,2.61,14.85,7.33,20.08,2.46,1.65,2.04,0.83,2.21,1.01,1.45,0.51,5.18,0.62,1.63,2.96,70.42,2.25,23890.02,21812.63,219.1,36.35,25.58,82.58,35.66,81.54,103.35,649.19,497.09,1285.39,899.34,4154.79,3064.16,2267.75,2.72,80.11000000000001,53.0758196,8.8071646
Dresden,Germany,10.39,1.0,1.02,2.28,2.43,10.87,7.15,10.38,2.04,1.74,2.4,1.39,1.4,1.1,1.19,0.88,5.71,0.68,1.25,2.6,66.06,2.27,22851.33,25466.76,245.8,32.43,35.61,89.62,47.43,89.03,115.43,569.41,458.76,1125.25,857.5,4331.37,3271.89,2542.74,2.62,64.05000000000001,51.0493286,13.7381437
Manchester,United Kingdom,18.02,1.29,1.36,1.99,2.8,7.08,7.07,9.73,2.32,1.61,2.35,1.76,1.49,1.39,0.84,1.39,9.01,2.08,3.47,3.0,87.74,1.97,27627.06,29374.63,245.93,33.23,31.59,81.29,33.92,74.17,80.7,1110.37,796.56,2098.06,1274.89,4700.68,3086.68,2737.54,2.89,73.58000000000001,53.4794892,-2.2451148
Hannover,Germany,10.39,0.98,2.32,2.07,2.72,9.96,7.72,16.83,3.24,1.71,2.1,1.26,1.62,1.06,1.1,0.49,5.19,0.65,1.71,3.17,72.71,2.29,22851.33,22565.68,228.02,31.81,40.06,80.09,39.47,88.63,118.53,744.4,523.24,1280.97,1046.12,5193.48,3843.18,2626.11,1.96,71.41,52.3744779,9.7385532
Antwerp,Belgium,18.7,1.05,1.97,2.65,3.28,9.01,8.53,14.31,2.46,1.73,2.9,2.73,1.66,1.37,1.14,1.04,7.27,1.9,1.94,2.6,50.9,1.98,25967.42,25187.1,205.85,51.93,44.14,95.79,46.16,85.98,118.8,842.26,694.2,1350.31,1076.21,3226.45,2544.81,2474.18,1.78,83.70000000000002,51.2211097,4.3997081
Lyon,France,15.58,0.95,1.56,1.76,3.5,18.52,14.97,18.91,2.94,2.31,3.29,3.97,1.99,1.64,1.03,0.97,6.23,2.46,2.25,1.97,68.76,2.07,31160.9,21047.46,181.84,38.34,35.75,83.62,34.41,91.75,120.75,825.11,599.91,1617.4,1090.63,5608.96,4089.87,2675.5,1.64,102.58,45.7578137,4.8320114
Sheffield,United Kingdom,13.21,1.24,1.14,1.2,2.5,6.83,6.65,11.41,2.38,1.16,1.71,1.97,1.01,1.01,1.0,1.29,8.41,2.27,3.01,2.58,88.78,1.9,26425.89,26425.89,230.03,36.04,34.59,80.48,30.54,84.08,70.57,817.47,657.37,1695.16,1226.92,5800.69,5380.28,2212.62,3.79,66.39,53.3806626,-1.4702278
Nuremberg,Germany,10.39,0.96,1.62,1.87,2.63,13.23,7.41,12.45,2.47,1.65,2.14,1.49,1.35,1.08,1.09,0.57,4.41,0.7,1.36,2.99,83.1,2.28,23855.75,25759.68,240.26,33.93,29.91,84.91,46.0,78.71,124.5,703.72,474.02,1458.17,964.1,5937.46,4378.22,3005.88,2.04,67.51,49.453872,11.077298
Liverpool,United Kingdom,18.02,1.07,1.17,1.73,2.38,8.29,6.62,9.94,2.52,1.33,2.42,2.86,1.23,1.12,0.93,1.25,8.41,2.24,2.47,2.94,83.56,1.87,28828.24,28162.59,213.91,37.15,33.83,66.73,40.57,81.77,71.83,900.15,653.14,1754.58,1076.05,4727.49,2314.2,2210.36,3.42,73.52999999999999,53.4071991,-2.99168
Toulouse,France,16.88,1.09,1.73,1.45,3.08,16.88,10.89,19.94,3.13,2.21,3.12,3.75,1.61,1.65,1.19,0.82,6.23,1.74,2.67,1.77,56.09,2.07,22851.33,25664.46,182.4,33.58,34.28,90.76,42.14,72.06,112.77,694.2,549.21,1483.85,1011.88,4418.62,3142.06,2683.01,1.17,97.38999999999999,43.6044622,1.4442469
Edinburgh,United Kingdom,18.02,1.16,1.25,1.34,2.42,7.27,6.77,10.28,2.4,1.13,2.42,2.57,1.22,0.93,0.79,1.25,8.41,1.84,2.24,2.16,72.07,1.92,24624.12,23999.36,200.72,33.57,36.74,72.93,42.31,77.33,86.66,1121.19,877.43,2177.13,1328.5,4860.99,3860.93,2696.88,2.31,71.47,55.9533456,-3.1883749
Leicester,United Kingdom,16.22,1.12,1.1,1.53,2.58,7.67,5.9,10.78,1.56,1.22,1.74,2.17,1.08,0.98,0.77,1.09,7.51,2.47,1.98,2.76,64.86,1.88,24023.53,29148.55,220.46,36.64,32.77,68.3,42.04,69.07,54.8,900.88,686.17,1415.39,1081.06,3002.94,2282.24,2577.24,3.08,67.49000000000001,52.6362,-1.1331969
Murcia,Spain,12.46,0.9,1.05,0.97,1.91,8.85,6.09,9.23,1.23,1.56,1.09,1.79,1.14,1.94,0.91,0.53,6.23,0.87,1.33,1.45,25.97,1.66,24409.37,21120.17,127.35,32.45,34.93,76.17,30.51,70.48,81.8,629.71,640.53,1506.11,1389.26,2098.17,1714.54,1323.04,2.35,58.75000000000001,37.9923795,-1.1305431
Zurich,Switzerland,26.42,1.77,3.16,3.42,6.05,27.07,28.41,51.81,3.94,2.95,3.2,4.62,2.53,2.4,2.41,1.36,13.74,2.09,2.88,4.65,95.11,2.23,32918.44,32405.28,249.39,51.77,89.99,98.53,49.43,113.58,179.24,2037.85,1605.72,3904.22,2860.79,18247.34,10867.4,6570.44,1.39,187.35000000000002,47.3744489,8.5410422
Bologna,Italy,17.66,1.18,1.98,2.37,3.49,14.24,9.93,16.54,1.93,1.76,2.17,2.64,1.38,1.27,1.05,0.42,6.23,1.86,2.28,1.56,36.87,2.04,24928.72,27629.33,226.17,29.41,54.5,77.9,28.12,81.57,112.66,792.61,609.67,1511.58,1137.37,4143.25,2827.56,1588.64,2.08,88.10000000000001,44.4939334,11.3425798
Florence,Italy,15.58,1.36,1.82,2.43,3.62,16.36,9.92,19.04,2.7,1.98,2.39,2.44,1.55,1.43,1.37,0.61,6.02,1.52,2.0,1.56,36.35,2.09,28044.81,26863.29,223.83,30.47,56.48,75.18,38.66,87.51,113.53,842.5,642.69,1713.85,1149.06,5546.64,3488.29,1471.05,1.71,92.14,43.7698712,11.2555757
Coventry,United Kingdom,12.01,1.04,1.02,1.45,2.12,7.37,6.48,9.98,2.56,1.32,1.95,2.58,1.33,1.14,0.84,1.0,9.01,1.71,1.78,2.76,60.06,1.88,23903.42,25905.38,304.73,39.64,36.04,59.82,32.43,61.66,55.25,986.47,725.38,1105.08,1146.12,3478.61,3123.06,3423.35,4.23,64.91,52.4081812,-1.510477
Bochum,Germany,12.98,0.96,1.38,2.07,2.43,11.89,6.04,10.73,2.46,1.65,1.93,0.93,0.72,1.14,1.07,0.79,5.18,0.73,2.01,2.96,83.1,2.29,12464.36,18696.54,211.69,30.9,21.81,57.13,53.23,93.48,124.64,545.32,415.48,1142.57,934.83,2077.39,1869.65,1661.91,1.73,65.08,51.4818111,7.2196635
Bilbao,Spain,13.24,0.89,1.51,1.3,2.6,17.03,8.41,13.76,2.02,1.87,1.71,2.55,1.16,1.64,1.06,0.88,4.67,0.92,1.83,1.25,41.55,1.7,20773.93,23526.48,130.16,34.62,48.23,96.15,33.76,85.32,118.71,941.32,804.99,1402.24,1133.91,3921.08,2907.94,1921.45,2.12,77.22,43.2630018,-2.9350039
Utrecht,Netherlands,17.66,1.07,1.95,1.82,2.77,11.96,8.47,26.92,2.82,1.45,1.5,2.74,1.26,0.94,0.92,1.01,6.22,1.24,2.21,2.75,93.48,2.19,25967.42,33096.38,253.89,43.89,38.52,98.86,45.44,76.01,112.08,1375.97,1074.4,2102.62,1731.66,6022.68,4444.06,3217.66,3.0,92.72,52.080985600000005,5.12768396945229
Nice,France,18.7,1.36,1.45,2.3,3.66,21.81,12.34,20.77,2.42,1.95,2.4,3.14,1.8,2.67,1.23,0.81,7.27,2.44,2.09,1.56,43.77,2.06,26746.44,29429.74,191.21,33.06,32.33,69.98,38.09,89.03,91.41,909.18,728.47,1800.41,1320.73,6838.09,3843.18,2478.24,1.17,108.52000000000001,43.7009358,7.2683912
Alicante,Spain,13.45,0.88,1.32,1.14,2.08,10.41,6.32,11.57,1.47,1.62,1.06,1.76,1.2,1.02,0.93,0.58,4.15,0.98,1.68,1.51,36.35,1.69,22851.33,24409.37,134.97,31.62,36.61,72.02,29.38,71.97,64.27,676.31,571.28,1030.04,842.3,2042.77,1710.85,1472.44,1.95,61.93999999999999,38.3436365,-0.4881708
Belfast,United Kingdom,18.62,1.17,1.47,1.82,2.33,6.06,6.86,12.85,2.34,1.43,1.94,2.08,1.68,1.24,0.83,1.08,9.61,2.33,2.69,3.06,66.06,1.89,24013.71,25333.02,135.57,43.24,39.0,66.06,38.29,78.51,96.83,1007.65,695.3,1595.85,1027.76,3983.1,2882.82,2278.78,2.81,75.74,54.596391,-5.9301829
Bielefeld,Germany,10.39,0.95,2.49,2.07,2.6,9.24,8.18,24.38,2.53,1.65,2.66,0.82,1.3,1.38,0.81,0.67,5.19,0.61,1.45,2.91,88.81,2.25,32968.23,25941.45,300.31,30.29,29.43,86.42,32.55,82.89,94.78,581.67,772.53,1635.95,1260.98,4206.72,3427.7,2466.9,2.4,77.91999999999999,52.0191005,8.531007
Bonn,Germany,15.58,1.0,1.17,1.99,2.49,11.48,8.42,22.85,2.52,1.65,2.2,0.98,1.17,0.92,1.4,0.43,5.19,0.55,1.45,3.12,114.26,2.23,25453.26,25263.7,280.92,35.55,40.64,77.77,35.71,91.41,100.49,657.84,609.37,2181.26,1727.7,6232.18,3895.11,2251.63,2.66,81.99000000000001,50.735851,7.10066
Bari,Italy,15.58,1.12,1.49,2.17,3.29,13.83,9.94,16.79,1.66,1.64,1.41,1.77,1.27,1.36,1.18,0.79,6.23,1.37,1.25,1.09,37.91,2.25,30122.2,20773.93,173.66,31.16,46.74,66.22,45.11,94.22,135.03,779.02,584.27,2008.15,1194.5,5193.48,3012.22,1506.11,2.69,82.89,41.1257843,16.8620293
Nantes,France,13.5,1.07,1.36,2.05,2.72,17.13,10.08,20.06,3.01,1.9,2.84,2.81,2.41,1.87,1.06,0.41,6.75,1.95,2.34,1.77,57.13,2.09,24928.72,25474.04,173.06,34.05,31.05,106.47,29.86,89.03,101.79,606.15,536.23,1393.58,1056.01,6162.93,5842.67,2240.12,1.85,92.98000000000002,47.2186371,-1.5541362
Munster,Germany,10.39,0.97,2.34,2.04,2.42,9.8,6.64,12.46,2.3,1.65,1.96,0.82,2.18,0.92,0.9,0.58,5.18,0.55,1.19,4.83,71.41,2.29,20509.07,22328.52,264.15,28.38,43.88,82.92,27.7,81.19,98.5,830.96,626.68,1402.24,916.13,4445.62,1656.72,1855.8,1.87,64.1,52.307621600000004,-8.570897276292667
Mannheim,Germany,11.43,0.96,1.56,1.75,2.06,13.81,7.5,20.51,2.77,1.65,2.06,0.95,1.84,0.95,1.24,0.42,4.67,0.57,1.3,2.8,77.9,2.27,26486.76,24582.49,270.71,34.4,36.24,80.5,32.89,99.46,122.05,903.67,497.54,1258.9,981.57,4674.13,5193.48,2977.6,2.13,76.7,49.4892913,8.4673098
Catania,Italy,12.46,1.28,1.31,2.26,2.43,11.43,6.84,10.71,1.8,1.21,1.23,2.29,1.25,1.32,1.15,0.36,6.23,1.33,1.94,1.04,31.16,2.18,24210.32,16914.18,174.84,28.97,41.55,73.86,25.97,68.68,103.72,498.57,346.23,856.92,571.28,1973.52,1391.85,1090.63,2.32,66.89,37.5023612,15.0873718
Karlsruhe,Germany,11.17,0.96,1.17,2.13,2.66,13.55,7.62,24.58,2.37,1.65,1.99,0.82,2.25,0.92,1.28,0.46,5.45,0.57,1.31,2.91,69.59,2.28,20773.93,25058.56,234.55,37.97,38.58,92.79,40.81,90.6,133.88,688.14,642.69,1485.34,1194.5,4674.13,3981.67,2852.48,1.45,81.59999999999998,49.0068705,8.4034195
Vila Nova de Gaia,Portugal,8.31,0.67,0.96,1.31,2.28,10.6,6.2,11.45,2.04,1.32,1.3,1.57,0.89,1.17,1.27,1.04,4.67,1.22,1.48,1.77,41.55,2.09,31160.9,30236.46,119.13,43.86,35.17,81.46,34.13,72.37,92.31,692.46,467.41,1281.06,965.99,2602.56,1474.12,1051.68,2.62,58.27,41.1300103,-8.6058415
Valladolid,Spain,10.39,0.8,1.06,1.35,1.75,14.75,5.97,12.85,1.83,2.13,1.1,1.74,0.97,1.26,1.01,0.71,6.23,0.76,1.45,1.56,45.7,1.6,21713.95,23890.02,111.06,35.32,34.9,80.5,29.86,59.73,83.1,694.42,389.51,1142.57,727.09,2337.07,2025.46,1632.48,2.83,66.66000000000001,41.6521328,-4.728562
Augsburg,Germany,12.46,1.11,3.12,1.97,2.68,12.88,5.86,12.46,2.94,1.65,2.07,0.82,1.73,0.92,1.28,0.59,6.75,0.56,1.18,3.32,63.1,2.29,26486.76,22505.09,235.78,34.72,39.32,85.69,37.65,76.86,140.22,877.7,583.4,1402.24,1220.47,6232.18,5193.48,2238.62,1.42,71.85,48.3668041,10.8986971
Bradford,United Kingdom,12.01,1.06,1.14,2.1,2.33,4.8,6.2,8.65,1.69,1.41,1.8,2.4,1.1,1.08,1.03,1.5,8.41,1.97,2.25,2.4,68.95,1.88,24023.53,25224.71,151.94,32.13,31.98,73.47,39.64,83.08,80.08,645.63,526.27,1171.15,990.97,1981.94,1756.72,1861.82,2.83,60.67999999999999,53.7944229,-1.7519186
Vigo,Spain,10.91,0.78,1.05,0.95,1.92,7.48,6.75,9.09,1.66,1.39,1.7,1.87,1.31,1.56,0.9,0.49,4.15,0.83,1.34,1.4,46.74,1.53,20773.93,19676.05,111.72,40.25,35.32,71.15,25.97,59.73,77.9,534.93,432.79,1004.07,779.02,2129.33,1229.12,1364.15,3.08,54.79,42.2376602,-8.7247205
Montpellier,France,13.5,0.96,1.29,1.8,3.73,16.36,10.65,17.31,3.25,1.84,2.25,3.12,1.73,1.56,1.09,0.65,7.06,3.05,2.08,1.66,31.16,2.06,21163.44,25534.63,142.79,36.35,30.12,72.71,42.41,84.13,90.37,733.93,600.14,2363.03,1661.91,5494.01,4294.32,2950.86,1.75,91.20000000000002,43.6112422,3.8767337
Nottingham,United Kingdom,14.41,1.03,1.14,1.69,2.3,8.95,8.09,15.36,3.32,1.0,2.73,3.04,1.71,1.44,0.84,0.92,8.41,2.24,1.77,3.6,72.07,1.88,26365.83,29224.63,135.2,37.74,54.2,90.84,33.03,92.34,77.22,891.12,637.29,1861.82,1054.63,3975.56,3002.94,2347.16,4.41,78.61999999999999,52.9534193,-1.1496461
Graz,Austria,11.43,1.34,2.16,2.32,3.35,16.18,12.3,18.26,2.35,1.94,2.49,3.19,1.84,1.76,1.72,0.82,7.27,1.11,1.75,2.8,56.19,1.86,24367.82,20754.31,246.31,34.86,32.98,94.0,43.77,98.1,136.22,632.5,541.16,1216.14,1002.34,5021.17,3758.19,2291.3,1.82,91.82999999999998,47.0708678,15.4382786
Strasbourg,France,15.58,1.02,1.3,3.08,3.06,14.15,8.62,10.34,2.08,1.58,2.08,3.29,1.02,1.97,1.38,0.28,6.49,2.63,2.96,1.87,55.05,2.05,30122.2,30122.2,184.59,36.22,33.76,103.0,43.63,93.48,115.81,727.09,584.27,1246.44,937.42,5539.72,3739.31,2660.55,1.4,79.94999999999999,48.584614,7.7507127
Southampton,United Kingdom,13.78,1.22,1.14,1.94,2.08,5.68,6.03,14.01,1.46,1.38,1.68,2.16,1.43,0.88,0.78,1.23,7.81,2.08,2.25,2.52,69.07,1.87,29128.53,31681.03,276.51,40.99,28.38,83.08,35.03,75.07,90.09,966.95,867.1,1651.62,1311.28,4804.71,4240.15,2644.41,4.55,66.77,50.9025349,-1.404189
Malmo,Sweden,9.53,1.26,2.4,2.34,3.09,9.64,9.26,15.3,2.58,2.14,2.29,3.34,1.24,1.13,1.98,1.54,9.53,1.87,2.16,2.67,54.25,1.92,26006.31,20602.28,75.1,32.79,32.96,91.38,31.21,82.03,134.03,791.4,631.11,1243.16,961.27,3780.68,2738.76,2712.57,1.78,80.46,55.6052931,13.0001566
Plymouth,United Kingdom,12.01,1.03,1.18,1.45,2.69,9.03,6.98,8.07,2.38,1.13,2.33,3.51,1.27,1.32,0.79,0.86,8.41,2.14,2.55,3.78,66.06,1.85,26425.89,24824.32,252.74,31.63,38.78,79.13,39.94,73.79,74.62,912.89,690.68,1541.51,1043.52,3002.94,3002.94,1801.77,3.87,66.58000000000001,50.3712659,-4.1425658
Espoo,Finland,15.58,1.17,3.45,2.55,3.12,8.09,12.3,18.46,3.0,1.95,3.24,3.95,1.26,1.48,1.98,1.93,15.58,3.45,3.9,2.91,64.4,2.39,27525.46,29371.37,106.57,17.88,52.37,93.07,46.05,94.15,155.8,1145.62,860.77,1778.77,1377.8,6777.5,4249.21,2998.54,1.19,102.54000000000002,60.2047672,24.6568435
Gent,Belgium,16.1,0.96,1.84,1.96,2.62,12.62,9.5,13.95,2.42,1.77,2.33,2.34,1.45,1.12,1.01,1.07,6.75,2.05,2.92,2.49,50.9,1.92,25650.61,25984.29,187.73,44.37,24.8,98.16,34.72,83.1,105.35,869.04,751.17,1441.19,1038.7,3267.74,2596.74,2161.11,1.82,81.86000000000001,51.0538286,3.7250121
Bordeaux,France,15.58,1.04,2.32,2.18,3.2,18.7,15.06,19.48,2.77,2.1,2.94,2.6,1.37,2.08,1.3,0.62,10.39,2.47,2.34,1.77,41.65,2.05,24928.72,25621.18,159.37,35.17,30.64,95.21,31.85,94.52,119.19,808.7,629.71,1194.5,1133.33,5307.05,4085.54,2448.9,1.57,106.19999999999999,44.841225,-0.5800364
Venice,Italy,15.58,1.04,2.53,1.82,3.01,14.52,9.87,16.1,1.94,1.84,2.25,4.05,1.11,1.9,0.83,0.36,5.71,2.08,1.14,1.56,38.43,2.21,25819.92,28706.11,278.98,30.64,57.13,76.34,45.44,112.18,137.62,688.14,623.22,1558.04,1211.81,4407.97,2479.89,1609.98,1.4,86.53999999999999,45.4371908,12.3345898
Derby,United Kingdom,18.02,0.99,1.25,1.68,2.52,7.09,6.84,13.91,2.47,1.19,2.28,2.44,0.9,0.95,0.8,0.84,7.81,1.52,2.2,3.36,69.67,1.85,25140.63,23699.22,257.71,34.66,31.98,66.06,35.63,60.3,70.57,660.65,616.89,1241.22,1029.01,4533.46,4594.9,2817.76,3.52,73.49999999999999,52.9212617,-1.4761491
Verona,Italy,15.58,1.07,2.18,2.54,2.87,12.44,9.65,19.99,1.85,1.82,2.0,3.0,1.5,1.43,0.97,0.3,5.19,1.48,1.42,1.35,38.43,2.2,23890.02,27914.97,160.44,28.34,53.88,80.87,34.87,91.75,120.75,813.65,536.66,1506.11,843.94,6232.18,2250.51,1603.92,1.83,85.85999999999999,45.4384958,10.9924122
Bergen,Norway,18.6,1.98,3.15,2.39,3.81,13.94,13.71,30.15,3.07,2.35,2.75,3.66,2.47,1.95,2.54,2.1,15.08,3.34,3.96,4.02,75.9,2.16,30160.7,37030.64,263.15,49.01,43.92,80.43,35.19,105.0,124.41,1059.81,839.47,1876.67,1521.74,5984.74,3734.18,3148.93,2.62,127.03999999999998,60.3943055,5.3259192
Kingston upon Hull,United Kingdom,12.61,1.26,1.23,0.93,2.26,9.31,7.36,9.4,2.08,1.4,1.41,1.54,0.66,0.93,0.66,0.88,7.21,1.73,1.98,2.4,67.89,1.86,21621.18,26425.89,181.78,53.65,30.4,78.08,36.04,67.07,56.46,543.53,485.62,990.97,753.74,2662.61,1493.46,1781.75,4.02,62.859999999999985,53.7435722,-0.3394758
Wolverhampton,United Kingdom,14.41,1.37,1.23,2.8,3.18,10.81,9.31,8.41,3.57,2.0,3.37,2.53,1.52,1.5,1.24,1.5,8.41,3.61,2.0,3.3,115.29,1.85,30029.42,27627.06,190.69,46.13,30.03,64.56,32.03,61.26,57.06,900.88,640.63,1201.18,1201.18,1528.79,1201.18,1861.82,3.48,80.77,52.5847651,-2.127567
Aachen,Germany,10.39,0.98,1.07,1.91,2.52,10.47,10.13,15.59,2.27,1.64,2.17,0.96,1.65,1.38,1.07,0.5,6.22,0.62,1.33,3.01,72.71,2.28,18177.19,23197.56,245.95,29.68,25.45,90.07,42.85,79.84,102.57,632.39,437.48,1200.27,941.97,7599.8,4379.84,2783.77,2.24,71.54,50.776351,6.083862
A Coruna,Spain,11.43,0.83,0.76,1.69,1.87,7.56,8.67,11.83,1.87,1.95,2.08,1.94,1.5,1.66,0.83,0.56,6.23,1.01,1.92,1.32,33.76,1.65,24928.72,22591.65,154.07,40.38,33.76,79.98,28.46,72.71,77.9,664.77,507.23,1038.7,817.97,2146.64,1883.94,1480.14,1.97,64.27,43.3709703,-8.3959425
Stoke-on-Trent,United Kingdom,14.41,1.17,1.11,1.12,2.02,6.58,6.68,8.51,1.9,1.1,1.99,2.35,1.11,1.07,0.64,1.2,7.81,2.05,3.15,2.88,81.08,1.84,28828.24,27439.83,264.26,43.76,32.6,65.76,26.02,58.56,70.07,630.62,516.51,1231.21,868.85,1081.06,1021.0,2315.46,3.0,62.82000000000001,53.0162014,-2.1812607
Braunschweig,Germany,7.27,0.95,2.53,2.12,2.84,13.99,7.55,13.19,2.25,1.65,2.07,0.82,0.52,0.92,1.14,0.62,5.18,0.63,1.72,3.12,69.59,2.32,32199.6,22331.98,271.84,44.98,25.71,98.16,41.55,96.95,103.87,439.37,412.02,1454.18,1047.35,3279.68,2544.81,3230.87,2.15,66.23999999999998,52.2646577,10.5236066
Kiel,Germany,11.22,1.0,1.89,2.11,2.37,11.07,6.56,13.15,2.07,1.68,2.42,1.24,1.17,0.96,1.07,0.48,5.19,0.57,1.21,2.7,63.36,2.27,25967.42,29083.51,221.59,32.2,29.43,77.9,38.09,98.41,131.57,796.33,481.96,1571.03,1057.39,3635.44,2596.74,2440.94,2.23,66.22,54.3227085,10.135555
Portsmouth,United Kingdom,15.01,1.16,1.1,1.65,2.15,5.7,6.32,14.41,2.61,1.39,2.85,2.92,1.17,1.11,0.77,1.12,8.11,1.74,2.55,3.48,75.2,1.89,30029.42,29685.08,142.54,34.23,28.38,58.72,31.23,70.07,70.74,819.2,728.21,1681.65,1441.41,3763.69,2522.47,3032.85,4.45,71.29,50.8036831,-1.075614
Porto,Portugal,9.35,0.72,1.23,1.11,2.13,8.58,6.02,10.34,1.92,1.28,1.39,1.72,1.18,1.29,1.23,0.54,4.15,1.09,1.97,1.56,41.55,2.06,25967.42,29436.66,118.07,35.29,39.23,80.48,29.6,73.34,93.48,778.89,614.45,1400.68,963.85,3496.16,1986.4,1017.59,2.38,55.269999999999996,41.1494512,-8.6107884
Limassol,Cyprus,15.58,1.56,1.68,2.34,3.08,11.36,7.68,11.24,2.57,1.66,1.61,2.87,1.24,1.0,0.69,0.83,7.27,1.63,2.31,1.56,41.55,1.74,22851.33,21397.15,205.11,37.64,68.96,86.45,41.31,86.56,117.45,1343.6,977.86,2414.97,1885.52,3058.38,2140.87,1506.78,2.81,75.88999999999999,34.6852901,33.0332657
Aarhus,Denmark,20.95,1.52,2.75,2.32,3.77,10.63,10.86,15.97,2.71,2.49,2.69,3.59,1.8,1.82,1.92,1.08,9.43,1.68,1.92,3.21,55.87,2.06,41900.71,45369.16,178.79,30.11,34.19,101.76,43.9,87.29,158.29,1048.52,660.74,2006.16,1396.69,5935.93,3452.92,3415.54,2.1,97.97999999999999,56.1496278,10.2134046
Lille,France,14.54,1.03,1.67,1.79,2.7,13.24,10.8,13.5,2.18,1.85,2.47,2.53,1.59,1.6,1.27,0.35,6.75,1.58,2.44,1.87,62.32,2.06,25967.42,25967.42,151.36,31.55,34.45,94.52,35.44,70.11,92.62,779.02,639.54,1397.05,1038.7,4674.13,3116.09,2614.14,1.48,81.43999999999998,50.6365654,3.0635282
Granada,Spain,10.39,0.8,1.16,1.04,2.1,12.39,6.52,12.46,2.0,1.55,1.33,1.75,1.02,1.09,0.98,0.62,5.19,1.14,1.99,1.45,41.55,1.68,21812.63,20773.93,112.14,39.38,44.79,75.95,31.16,63.19,92.83,584.27,467.41,986.76,792.01,3505.6,2518.84,1837.19,2.12,63.53,37.1734995,-3.5995337
Eindhoven,Netherlands,17.14,1.03,1.95,1.8,2.19,11.16,8.29,25.63,2.71,1.33,1.42,2.54,1.0,0.92,0.81,0.92,6.22,1.24,2.24,4.65,103.87,2.19,29083.51,30970.47,207.72,40.55,32.28,70.94,32.98,89.6,88.17,1205.78,980.91,1774.97,1504.71,4602.62,3583.5,3511.81,2.1,88.3,51.4392648,5.478633
Freiburg im Breisgau,Germany,11.95,1.02,2.18,2.07,2.53,14.23,7.68,14.8,2.86,1.67,2.27,0.82,2.07,1.36,1.06,0.74,6.23,0.62,2.25,2.6,66.48,2.23,17138.49,29956.01,274.36,32.54,36.09,79.63,33.76,91.58,140.22,891.55,697.87,1921.59,1513.53,7790.22,5712.83,2681.57,1.82,76.16000000000001,47.9960901,7.8494005
Tampere,Finland,12.98,0.92,1.95,1.58,2.3,6.59,10.41,15.62,1.88,1.57,1.67,3.03,0.97,1.43,1.76,1.2,12.46,2.7,3.16,2.8,58.17,2.31,29083.51,26833.0,94.04,22.47,32.63,91.17,42.72,85.94,122.05,792.87,624.95,1258.31,942.25,4383.3,3300.46,2513.78,1.19,81.02000000000002,61.4980214,23.7603118
Swindon,United Kingdom,18.02,1.11,1.16,1.61,2.42,7.33,5.92,18.77,1.98,1.08,1.2,2.6,1.09,1.2,1.08,1.41,8.41,2.4,2.8,3.24,66.06,1.87,31230.59,26025.49,273.54,38.44,33.03,88.09,36.04,78.08,90.09,870.85,755.03,1381.35,1231.21,2482.43,2132.09,3303.24,3.37,78.79,51.5613683,-1.7856853
Mainz,Germany,8.31,1.05,2.42,2.04,2.85,13.34,8.33,14.54,2.92,1.7,2.44,0.82,1.74,1.65,1.14,0.67,9.35,0.59,1.66,3.01,83.1,2.29,24331.47,22934.42,340.69,36.35,35.06,107.33,51.93,96.08,155.8,830.96,714.1,1835.03,1869.65,5712.83,4154.79,3046.84,1.47,75.9,50.0012314,8.2762513
Tilburg,Netherlands,12.46,1.04,1.92,2.07,1.87,11.3,8.29,27.11,2.64,1.32,1.42,2.56,1.19,0.93,0.78,0.67,6.22,1.24,1.76,3.38,129.84,2.18,34162.73,30295.66,244.74,43.71,27.83,55.31,25.97,105.56,112.53,1140.56,923.7,1607.28,1346.5,3275.53,2706.32,2172.61,2.06,85.03,51.585618749999995,5.066061908648313
Oviedo,Spain,12.46,0.95,1.05,1.48,2.31,12.26,6.96,11.63,1.51,1.76,1.28,1.99,1.27,1.48,0.85,0.55,5.19,0.99,1.25,1.25,41.55,1.64,23890.02,24928.72,131.14,39.3,40.12,65.78,27.45,81.36,101.27,511.04,428.46,882.89,636.2,2181.26,1506.11,2027.62,2.0,65.97,43.3604218,-5.8450534
Luton,United Kingdom,14.41,1.2,1.02,1.68,3.05,4.4,4.2,10.81,1.6,1.8,2.7,2.1,2.55,1.8,1.14,1.34,8.41,1.86,2.2,3.6,80.82,1.82,25224.71,25299.78,234.41,35.74,34.03,77.88,44.44,78.08,74.07,780.76,785.77,1441.41,1921.88,3603.53,2882.82,2122.08,2.3,66.07,51.8784385,-0.4152837
Cartagena,Spain,10.39,0.68,0.84,0.52,1.58,7.58,5.12,8.05,2.08,1.63,1.25,0.99,0.8,0.99,0.71,0.37,4.15,0.99,1.35,1.25,20.77,1.61,20773.93,24842.16,104.91,36.53,27.16,38.43,25.97,49.34,72.71,467.41,363.54,820.57,649.19,1585.74,1220.47,1828.11,2.96,48.720000000000006,37.6019353,-0.9841152
Geneva,Switzerland,26.42,1.69,2.94,2.9,5.28,21.04,23.81,45.57,3.69,2.7,2.86,3.52,2.18,2.15,2.18,1.41,11.62,2.24,2.1,3.17,73.97,2.06,36987.02,32457.99,196.58,55.34,79.03,101.61,61.48,125.3,184.53,2098.13,1691.44,4289.25,3161.51,15302.85,11302.01,5792.65,1.25,164.20000000000005,46.2017559,6.1466014
Padova,Italy,15.58,1.16,1.86,1.67,3.0,14.15,9.23,12.02,1.94,1.71,2.3,2.34,1.51,1.16,1.05,0.33,6.23,1.17,1.69,1.35,40.51,2.04,31160.9,34004.33,216.89,30.37,47.39,80.5,30.38,76.06,107.76,665.71,447.94,1284.09,960.79,3609.47,1938.9,1553.67,1.9,78.41,45.4077172,11.8734455
Pamplona,Spain,12.46,0.81,1.17,1.07,2.93,13.5,6.65,11.83,2.24,2.49,1.75,2.33,1.82,1.22,1.17,1.09,6.75,0.96,2.36,1.38,31.16,1.53,24409.37,18177.19,116.53,39.47,34.1,91.2,31.16,93.48,109.06,817.97,714.1,1177.19,947.81,4501.02,2908.35,2671.58,1.48,72.24,42.8182536,-1.6440304
Cork,Ireland,15.58,1.18,1.72,1.35,3.11,6.43,7.64,9.66,2.38,1.66,2.05,2.71,1.44,0.92,0.92,1.4,10.39,2.59,3.52,2.49,84.13,1.95,31160.9,30518.06,170.79,51.86,45.98,76.01,35.06,83.5,86.99,1454.18,1166.8,2450.83,1827.61,3676.09,2686.29,2887.48,3.07,73.13,51.897077,-8.4654674
Milton Keynes,United Kingdom,18.02,1.24,1.33,1.34,2.0,7.81,7.64,11.54,2.76,1.11,2.88,5.24,1.38,1.2,0.8,1.1,7.21,2.19,3.54,3.84,75.67,1.85,24591.09,22081.23,227.98,41.24,32.6,63.06,32.73,75.67,104.5,1269.82,1036.01,2001.96,1585.55,4804.71,3603.53,3263.61,3.4,76.78999999999998,52.0406502,-0.7594092
Cascais,Portugal,10.39,0.74,1.25,1.17,1.99,8.16,4.7,9.31,1.78,1.22,1.48,1.35,0.85,1.05,0.97,0.61,6.22,1.31,1.81,1.82,41.55,2.11,28044.81,30122.2,132.22,37.17,39.92,60.66,30.12,75.53,81.86,1098.05,746.98,2267.82,1363.78,5582.99,3500.41,1121.79,1.78,54.55,38.72240025,-9.396909171649877
Trieste,Italy,15.58,1.16,2.15,2.37,2.97,11.1,10.11,16.81,2.11,1.71,2.26,2.75,1.59,2.12,1.63,0.58,5.71,1.34,2.41,1.4,37.13,2.23,27006.11,29862.53,206.26,32.87,57.13,93.48,34.28,89.33,152.69,597.25,547.91,934.83,934.83,2072.2,1687.88,1573.18,1.52,84.05,45.6496485,13.7772781
Linz,Austria,15.06,1.36,2.01,1.99,3.45,12.33,11.54,17.79,2.92,1.78,2.8,2.44,1.45,1.62,1.64,0.54,8.31,1.35,1.49,2.7,51.93,1.86,24367.82,20348.87,209.39,39.47,46.63,95.98,36.61,97.75,118.67,698.7,601.15,1413.78,1032.2,4300.2,3284.88,2190.17,2.26,90.38000000000001,48.3059078,14.286198
Groningen,Netherlands,15.58,1.05,1.8,1.95,2.13,11.77,8.42,27.88,2.65,1.36,1.48,2.61,1.03,0.92,0.83,0.66,6.22,1.19,1.17,2.86,93.48,2.21,33923.83,30298.78,259.79,45.81,28.51,77.15,31.78,104.58,103.04,896.2,667.56,1278.54,977.57,3539.36,3318.49,2102.32,1.97,89.53,53.2190652,6.5680077
Aberdeen,United Kingdom,18.02,1.16,1.24,1.58,2.57,7.16,5.94,7.0,2.54,1.67,2.9,2.11,1.13,1.37,0.86,1.15,8.41,2.09,2.23,3.24,84.08,1.89,23903.42,25415.7,139.49,29.01,39.83,56.31,27.63,62.06,81.98,656.17,533.32,1426.4,936.25,2917.14,2419.51,2696.89,2.98,68.9,57.1482429,-2.0928095
Almeria,Spain,12.46,0.81,0.71,2.25,1.86,11.95,7.24,10.73,1.53,1.16,1.3,1.34,1.03,1.51,1.11,0.55,5.19,0.75,1.56,1.12,20.76,1.72,26330.96,23344.71,112.44,38.95,35.06,88.81,32.03,81.36,108.02,610.23,450.1,761.71,605.91,1469.76,1141.27,1739.82,3.17,63.48,36.8414197,-2.4628135
Oulu,Finland,12.46,1.05,2.37,2.75,2.08,8.46,10.35,18.14,3.26,1.75,2.68,4.41,0.92,1.61,1.54,1.54,12.46,2.64,3.98,3.43,54.53,2.36,40296.24,33001.12,101.99,22.73,32.98,87.59,34.19,78.69,184.35,694.02,514.15,1237.78,953.87,3655.87,2128.29,2640.5,1.06,90.47000000000001,65.0118734,25.4716809
Norwich,United Kingdom,18.02,1.41,1.48,1.98,2.57,6.55,6.84,9.49,2.19,1.51,2.57,1.68,0.74,1.26,0.72,1.32,9.61,2.7,2.32,3.12,77.78,1.86,22221.77,21621.18,176.17,35.67,45.64,74.07,45.04,69.07,75.07,1029.58,810.79,1741.71,1389.93,3933.25,2822.77,2311.86,3.12,72.64,52.6285576,1.2923954
Liege,Belgium,15.58,1.04,1.74,1.66,2.64,19.32,10.39,16.62,2.9,1.64,2.14,2.79,1.99,1.12,1.37,0.96,6.75,1.34,1.91,2.6,39.21,1.88,29083.51,26445.22,233.32,47.78,34.54,101.27,44.14,97.81,122.57,623.22,545.32,903.67,727.09,2331.87,2207.23,2131.75,1.82,91.99000000000002,50.6450944,5.5736112
Brescia,Italy,14.54,1.25,3.05,1.88,3.75,12.05,9.18,18.82,2.36,1.91,1.91,2.34,1.22,1.09,1.73,0.48,5.19,1.47,2.2,1.45,36.35,2.18,21812.63,21466.4,227.82,29.84,50.99,63.36,36.7,79.98,102.14,571.28,450.1,1298.37,706.54,2769.86,1609.98,1525.59,1.3,84.22,45.77958045,10.4258729694612
Parma,Italy,15.58,1.38,1.89,2.11,3.04,18.16,8.16,14.11,1.8,1.77,1.99,3.77,1.19,1.41,0.98,0.69,5.19,2.51,2.6,1.56,36.35,2.21,26538.7,27603.36,187.44,31.16,53.88,90.24,41.55,98.68,149.87,562.63,467.41,960.79,817.97,2735.23,1921.59,1543.11,2.42,85.72999999999998,44.8013678,10.3280833
Bournemouth,United Kingdom,24.02,1.27,1.21,1.48,2.12,6.94,5.7,13.45,2.74,1.08,2.67,2.84,1.27,0.97,0.72,0.9,7.21,2.17,2.32,3.0,73.27,1.9,24624.12,27026.48,160.46,39.19,39.47,72.67,36.94,68.47,64.56,1045.02,910.89,2011.97,1453.42,4804.71,2882.82,2297.25,2.85,78.75999999999999,50.720097,-1.8799272
Braga,Portugal,8.31,0.67,0.97,1.15,2.01,8.63,5.48,10.58,1.65,1.18,1.47,1.76,1.0,1.15,0.76,0.55,4.15,1.15,1.32,1.61,27.01,2.11,27525.46,25967.42,101.17,32.78,37.84,74.9,31.39,61.74,59.21,614.56,447.94,952.14,753.06,1886.97,986.76,1010.03,1.75,52.61999999999999,41.5510583,-8.4280045
Turku,Finland,12.98,0.99,2.25,2.08,2.82,9.59,10.39,17.63,2.17,1.54,2.3,3.21,1.11,1.4,1.72,1.54,12.46,2.59,3.32,3.12,57.13,2.29,25967.42,29083.51,148.92,20.37,42.27,85.69,32.43,77.9,116.48,715.84,589.75,1187.08,898.47,4466.4,2056.62,2625.31,1.48,88.77000000000001,60.4517531,22.2670522
Modena,Italy,15.58,1.23,2.8,3.02,4.22,15.58,14.54,20.77,2.01,1.49,2.25,2.91,1.73,1.32,1.14,0.4,5.19,1.11,1.69,2.08,32.72,2.1,26382.89,17657.84,199.95,28.04,42.59,96.95,27.66,103.87,166.19,623.22,519.35,1038.7,1038.7,3289.21,2354.38,1720.34,2.6,97.28999999999999,44.5384728,10.935960870530739
Breda,Netherlands,20.51,1.04,2.02,2.07,1.69,11.6,8.29,28.55,2.79,1.32,1.44,2.56,1.0,0.92,0.78,0.62,6.22,1.24,1.76,3.95,133.47,2.21,29571.69,28797.86,184.86,45.08,36.87,80.5,31.16,90.89,96.95,944.69,950.41,1869.65,1765.78,4920.83,4074.81,4341.75,2.71,94.66,51.5887845,4.7760237
Basel,Switzerland,26.42,1.74,3.33,2.74,5.92,33.9,24.13,66.12,4.23,2.88,4.15,4.23,2.79,2.6,2.39,1.32,15.85,2.22,2.48,3.8,84.54,2.01,31703.16,41742.49,283.91,52.63,77.19,120.02,50.49,125.49,143.99,1462.97,1200.66,2842.72,2113.54,9819.17,7838.08,6148.78,1.58,206.95999999999995,47.5581077,7.5878261
Trondheim,Norway,20.11,2.16,2.83,3.03,4.0,9.63,12.27,25.01,2.69,2.54,3.27,3.81,1.91,2.26,2.58,2.43,15.08,3.14,4.3,4.22,86.46,2.13,31286.7,36200.88,158.9,56.99,33.89,74.88,44.39,84.2,111.59,1072.86,884.71,1849.86,1377.34,6353.72,5039.35,3896.56,2.6,118.75000000000001,63.4304475,10.3952118
York,United Kingdom,15.01,1.37,1.01,1.65,2.69,7.7,7.31,24.92,2.01,1.2,2.08,4.51,1.33,1.46,0.77,1.06,8.41,1.72,1.83,2.58,69.07,1.85,28828.24,34233.54,198.19,29.13,49.83,68.32,34.98,82.58,74.32,1313.79,840.07,2282.24,1546.51,4804.71,2402.35,3594.45,3.0,86.21,53.9590555,-1.0815361
Nijmegen,Netherlands,15.58,1.06,2.02,2.07,1.73,11.6,8.29,28.55,2.77,1.33,1.44,2.57,1.0,0.92,0.78,0.62,6.22,1.24,1.76,2.29,140.22,2.17,24409.37,22158.86,185.66,37.26,31.45,102.57,39.47,94.78,168.79,1090.63,830.96,1778.77,1558.04,4734.73,3583.5,2942.97,3.0,89.78999999999999,51.842574850000005,5.838960628748229
Saarbrucken,Germany,10.91,1.04,1.87,2.16,2.69,12.26,7.09,15.93,2.63,1.65,2.39,1.46,1.9,0.92,1.77,0.56,6.23,0.57,1.59,2.7,64.92,2.22,21114.63,22113.85,366.91,36.09,28.04,65.44,43.88,81.61,132.17,640.53,484.73,1246.44,862.12,1869.65,1558.04,2648.42,2.47,74.02999999999999,49.234362,6.996379
Santander,Spain,12.46,0.83,0.8,1.5,1.9,11.77,6.84,11.69,1.95,1.84,1.73,2.03,1.06,1.6,0.9,0.76,5.19,1.32,2.01,1.35,35.84,1.59,20773.93,20081.47,167.23,37.65,37.84,84.13,25.97,67.52,73.75,597.25,450.1,1038.7,779.02,3116.09,1869.65,1813.64,2.0,66.17,43.4620412,-3.8099719
Oeiras,Portugal,9.35,0.73,1.47,0.95,2.35,11.4,5.95,8.52,1.88,1.66,1.77,1.68,1.19,1.55,0.97,0.77,5.19,1.52,2.39,2.44,41.55,2.11,29083.51,35442.93,124.43,36.34,43.5,87.42,38.95,80.86,79.56,869.91,766.04,1630.75,1116.6,3726.32,2713.59,1064.66,2.33,58.9,38.7124971,-9.271300382407272
Reggio Emilia,Italy,15.58,1.05,1.52,1.69,3.9,21.81,9.56,14.19,2.42,2.12,2.73,3.12,1.73,1.9,1.56,0.69,6.23,1.8,2.13,1.56,36.35,2.14,29083.51,25274.95,314.5,30.99,81.36,96.08,69.25,101.27,106.47,519.35,396.0,761.71,727.09,2873.73,2077.39,1713.85,1.0,93.60000000000002,44.608664,10.594796841892734
Uppsala,Sweden,11.43,1.14,2.54,2.33,2.74,9.55,10.18,14.38,2.28,2.27,2.69,3.31,1.33,1.21,1.88,1.51,9.53,1.86,2.95,2.86,92.4,1.96,27625.75,30483.58,97.38,34.69,31.17,97.28,29.77,70.23,109.55,836.94,565.61,1393.2,898.18,3899.76,2762.57,2456.55,2.33,82.16,59.8586126,17.6387436
Haarlem,Netherlands,18.18,1.07,2.08,1.88,2.03,11.71,8.32,27.77,2.81,1.33,1.45,2.66,1.06,0.92,0.81,0.62,6.22,1.24,1.78,4.15,113.22,2.19,26478.45,24575.56,274.31,50.44,38.09,104.55,44.66,111.4,188.26,1563.24,1252.55,2523.51,1759.03,6595.72,5290.86,2775.38,2.57,92.16000000000001,52.383705750000004,4.643559696559635
Grenoble,France,13.5,1.13,1.95,2.23,3.07,19.61,10.19,19.59,2.49,1.99,2.32,2.78,1.54,2.03,1.11,1.04,7.27,2.17,2.51,1.77,62.32,2.07,30122.2,33757.64,165.77,33.47,38.82,89.03,34.4,77.9,119.45,617.45,498.57,1116.6,917.52,3401.73,2726.58,2025.46,1.09,96.00999999999999,45.1875602,5.7357819
Osnabruck,Germany,11.43,0.98,2.16,1.99,3.7,11.01,7.83,12.98,2.79,1.72,2.52,1.74,1.1,1.3,1.3,0.44,5.19,0.77,1.35,2.91,57.54,2.18,43105.91,34276.99,310.22,38.43,26.38,77.9,45.49,98.5,127.24,493.38,384.32,1168.53,779.02,2769.86,1800.41,2700.61,1.75,70.94999999999999,52.2719595,8.047635
Odense,Denmark,20.25,1.62,3.44,2.3,4.1,12.08,12.01,15.61,3.47,4.21,4.33,3.93,2.58,1.75,1.9,1.27,7.68,1.79,2.2,3.35,69.83,2.11,34917.26,37477.86,184.44,33.15,38.04,87.67,31.95,94.28,101.26,872.23,630.06,1769.14,1286.22,3126.82,2304.54,2899.84,1.25,104.32000000000001,55.3997225,10.3852104
Reading,United Kingdom,24.02,1.18,1.42,1.83,2.85,5.63,6.4,11.34,2.83,1.94,3.44,2.87,1.58,1.19,1.0,1.06,9.61,2.12,2.62,2.7,72.07,1.91,26125.59,26565.52,220.99,35.6,40.0,75.82,45.11,99.53,86.48,1249.11,1025.71,2066.14,1655.69,7256.98,4731.49,2731.03,2.8,82.31,51.456659,-0.9696512
Enschede,Netherlands,15.58,1.1,1.93,2.54,1.84,11.6,8.45,27.04,2.8,1.34,1.45,2.61,1.04,0.92,0.78,0.68,6.22,1.24,1.79,2.54,60.24,2.2,25610.1,28441.07,202.49,45.7,20.77,78.93,37.21,108.41,122.57,1020.52,825.19,1423.88,1152.3,2963.75,2711.0,3129.94,1.9,89.16,52.2209855,6.8940537
Darmstadt,Germany,20.25,1.41,3.67,2.65,3.4,25.9,8.11,20.43,3.31,1.89,2.59,0.82,2.73,1.36,1.58,0.94,5.19,0.56,1.89,2.78,67.52,2.23,41547.87,36354.38,228.15,37.51,40.68,83.62,38.09,88.29,105.69,980.27,680.92,1754.1,1350.31,5453.16,3877.8,3071.08,2.35,106.78999999999999,49.8851869,8.6736295
Heidelberg,Germany,15.58,1.1,2.22,2.05,2.8,10.08,7.52,14.24,2.51,1.74,2.15,1.28,1.49,0.94,1.71,0.58,5.71,0.57,2.21,2.88,83.1,2.19,25448.07,25109.45,283.82,38.76,43.0,91.41,29.86,97.93,119.45,1012.73,725.2,1833.3,1376.27,7270.88,5089.61,3069.93,1.19,74.26999999999997,49.4093582,8.694724
Amersfoort,Netherlands,16.62,1.06,1.96,1.67,1.69,11.58,8.55,28.55,2.69,1.33,1.4,2.73,1.0,0.92,0.78,0.99,6.22,1.36,2.08,3.12,116.33,2.18,35056.01,30468.43,181.77,38.78,33.58,83.1,39.82,107.33,74.44,1107.94,952.14,1731.16,1419.55,4362.53,5712.83,3323.83,2.32,91.10000000000001,52.1562499,5.3896944
Salzburg,Austria,15.06,1.37,2.06,1.65,3.66,17.66,9.93,12.05,2.4,1.83,3.19,3.26,2.06,1.3,1.08,0.61,6.23,1.06,1.33,2.6,41.55,1.9,24367.82,20245.93,278.47,31.74,32.88,86.06,35.49,101.27,135.03,980.53,792.87,1542.94,1217.58,7011.2,4754.89,2427.32,2.22,86.46000000000001,47.7981346,13.0464806
Cagliari,Italy,15.58,1.14,2.23,2.46,2.96,14.93,9.15,14.41,2.39,1.57,2.03,2.82,1.19,1.41,1.56,0.4,5.45,1.47,1.85,1.35,35.84,2.12,23526.48,27525.46,219.08,27.53,54.53,87.55,35.06,89.59,108.89,649.19,436.25,1028.31,766.04,3271.89,2129.33,1476.43,2.14,83.14999999999999,39.2171994,9.113311
Oxford,United Kingdom,15.01,1.28,1.07,2.07,2.47,9.44,9.27,14.42,2.67,1.38,2.52,2.07,1.12,1.12,0.7,0.99,9.61,2.59,2.97,3.78,79.62,1.92,28828.24,33744.06,195.94,34.83,50.72,66.06,42.04,75.67,111.54,1403.88,1147.12,2912.85,2112.07,9697.02,5818.21,3223.16,3.09,79.80000000000001,51.7520131,-1.2578499
Paderborn,Germany,11.43,0.92,2.42,2.21,3.0,19.42,8.01,20.77,2.67,1.59,2.24,2.12,2.25,1.14,2.08,0.79,5.19,0.55,2.01,2.8,62.48,2.27,26486.76,29429.74,269.2,38.95,50.2,77.9,44.66,104.56,94.31,545.32,519.35,1220.47,1010.13,4674.13,4933.81,2389.0,2.56,88.80000000000001,51.71895955,8.764869778177559
Rimini,Italy,15.58,1.18,2.33,2.04,2.77,11.75,9.85,16.6,1.94,1.96,2.01,2.34,1.28,1.5,1.26,0.38,5.19,1.14,1.52,1.56,34.8,2.16,30329.94,28737.27,193.79,29.06,38.73,71.41,42.33,86.38,112.53,636.2,623.22,1025.71,924.44,4414.46,2337.07,1632.24,1.91,81.10000000000001,43.9470982,12.630768610516004
Arnhem,Netherlands,17.66,1.01,1.8,2.07,1.87,11.32,8.18,25.53,2.67,1.33,1.41,2.65,1.0,0.95,0.78,0.8,5.71,1.19,1.48,2.49,103.87,2.21,29857.34,32173.63,162.64,40.25,29.86,80.5,32.89,88.03,91.75,950.41,856.92,1533.38,1249.81,4068.06,2971.71,2731.15,2.23,87.92999999999999,51.984257,5.9108573
Marbella,Spain,11.43,1.02,0.88,2.14,1.93,10.21,6.12,7.15,2.41,1.95,1.31,2.36,1.81,1.27,0.86,0.66,3.9,0.64,1.27,1.3,37.78,1.63,24409.37,26486.76,123.01,31.81,51.55,83.1,40.25,83.96,98.68,934.83,727.09,1627.29,1246.44,4847.25,3081.47,1747.61,2.34,58.05000000000001,36.508976,-4.88562
Coimbra,Portugal,8.31,0.68,1.18,0.98,1.78,7.01,5.54,10.39,1.53,1.14,1.39,1.51,0.92,1.07,0.84,0.8,4.15,1.17,2.08,1.66,31.16,2.1,29330.16,32636.35,98.69,36.04,37.0,72.36,26.49,78.42,65.44,549.03,394.7,753.06,662.17,2310.84,1518.83,882.89,2.28,50.39,40.2111931,-8.4294632
Aix-en-Provence,France,18.7,1.13,2.16,1.29,2.97,12.61,10.73,15.58,2.14,1.68,2.31,2.59,1.73,2.44,1.32,0.75,8.31,3.12,2.6,1.45,54.01,2.07,21784.58,28252.55,153.27,32.03,36.79,66.48,41.55,101.27,169.65,926.75,755.94,1863.16,1519.09,8655.81,5920.57,2524.03,1.81,91.56000000000002,43.5298424,5.4474738
Lausanne,Switzerland,26.42,1.78,2.95,3.21,6.45,22.22,27.76,59.31,4.21,2.59,3.0,4.27,1.86,2.26,2.1,1.15,14.79,2.93,3.51,3.91,78.2,2.08,33011.54,35621.06,303.57,57.88,78.05,111.89,54.15,130.22,213.2,1649.38,1337.22,3416.9,2759.35,17172.54,11522.25,5341.48,1.63,189.26000000000005,46.5218269,6.6327025
Middlesbrough,United Kingdom,12.01,1.16,1.12,1.24,2.15,5.29,5.29,8.12,2.04,1.76,1.7,2.39,1.25,1.05,0.81,1.31,9.31,2.88,3.13,3.3,75.07,1.89,27026.48,26425.89,324.32,49.05,43.11,87.69,48.05,105.1,63.66,570.56,549.11,855.84,720.71,2602.55,2762.71,2762.71,3.83,60.88,54.5760419,-1.2344047
Ingolstadt,Germany,11.43,0.99,2.79,2.03,2.88,15.37,9.2,16.62,2.59,1.65,1.94,0.82,2.7,0.96,0.93,0.86,5.19,0.68,1.16,2.8,60.76,2.29,21482.84,26310.19,227.5,46.74,62.32,86.56,45.01,73.75,79.63,796.33,726.74,1528.96,1376.01,7340.12,6128.31,3038.19,2.17,79.63000000000001,48.7630165,11.4250395
Tarragona,Spain,11.43,0.88,1.45,1.3,2.04,8.57,6.37,10.91,2.2,1.97,2.77,2.03,1.69,1.82,1.3,0.77,6.02,1.11,1.63,1.56,44.14,1.68,24928.72,23543.79,181.89,45.01,44.14,46.74,38.69,76.17,84.83,657.84,519.35,893.28,675.15,2477.29,1532.08,2032.96,2.75,64.63000000000001,41.1172364,1.2546057
Jyvaskyla,Finland,10.39,0.95,1.92,2.12,2.26,7.81,10.18,20.39,2.37,1.64,2.86,2.98,1.56,2.05,1.38,1.5,12.46,2.9,2.84,3.12,56.09,2.31,28044.81,32199.6,92.89,20.75,27.01,90.61,31.16,84.39,101.25,706.31,546.35,1558.04,1073.32,2804.48,2181.26,2534.42,0.8,87.72,62.2393431,25.7458236
's-Hertogenbosch,Netherlands,18.7,1.02,1.92,1.92,1.73,11.3,8.29,26.19,2.77,1.34,1.43,2.62,1.0,0.92,0.78,0.58,6.22,1.24,1.6,3.32,59.73,2.19,20908.96,20924.54,151.91,36.27,20.84,78.15,34.15,89.84,107.32,950.41,742.67,1804.74,1428.21,4466.4,3254.58,2631.36,2.27,89.97000000000001,51.6889387,5.303116
Brighton,United Kingdom,18.02,1.33,1.13,1.93,2.6,7.58,7.27,13.16,2.6,1.21,2.69,2.82,1.05,1.04,0.81,1.17,8.41,2.58,2.18,3.24,98.2,1.9,26425.89,31302.66,247.29,36.03,40.64,71.62,39.79,79.88,81.08,1372.11,1144.81,2747.69,2155.18,7787.63,6941.6,2677.56,2.45,77.39999999999999,50.83891575,-0.12693054250074665
Innsbruck,Austria,15.58,1.33,1.72,2.14,3.08,13.73,11.3,15.88,2.51,2.05,2.15,2.68,1.59,1.38,1.2,0.53,6.49,1.08,1.18,2.8,54.01,1.83,24367.82,20558.4,234.6,37.38,37.22,100.49,34.93,90.24,98.5,850.43,746.56,1483.85,1231.6,7876.78,5786.41,1971.65,1.87,86.42,47.2654296,11.3927685
Stavanger,Norway,20.11,2.02,2.85,2.63,3.53,11.14,13.25,27.27,3.22,2.24,3.4,3.46,2.13,2.94,2.21,2.48,13.57,3.74,5.43,4.07,60.32,2.13,34182.13,32678.11,214.64,64.88,50.01,103.99,51.69,104.31,126.23,1030.49,785.43,2044.23,1296.91,5780.8,4101.86,3264.84,3.39,122.18999999999998,58.9699675,5.7318101
Leiden,Netherlands,15.58,1.05,1.98,1.57,2.15,11.59,8.42,27.1,2.77,1.34,1.44,2.66,1.1,0.93,0.83,0.65,6.22,1.24,1.84,3.12,51.93,2.22,27260.59,27734.44,174.82,50.75,41.55,86.42,33.58,107.16,145.42,1285.46,1103.62,2207.23,2090.38,5442.77,3895.11,3202.65,2.11,88.61999999999999,52.1594747,4.4908843
Annecy,France,15.58,1.04,1.11,2.0,3.23,16.58,14.54,22.07,4.02,3.64,3.9,4.13,2.26,2.62,1.1,2.77,10.91,1.82,3.9,1.56,31.16,2.06,24927.68,22850.29,166.95,31.16,47.61,109.06,44.14,116.33,216.4,876.4,693.33,1537.27,1152.95,8482.69,5366.6,2544.81,1.44,113.32,45.8992348,6.1288847
Vasteras,Sweden,11.19,0.96,1.98,2.38,3.11,8.19,8.67,16.41,2.83,2.19,2.22,4.89,1.62,1.59,2.86,1.91,9.05,1.75,2.14,2.76,60.01,1.93,21195.62,20957.46,110.15,28.1,32.44,73.35,46.44,76.21,102.41,785.9,619.2,1286.03,936.74,3572.3,4905.61,2679.38,1.93,83.8,59.6110992,16.5463679
Wurzburg,Germany,10.9,1.07,1.76,1.91,2.4,12.57,7.18,13.85,2.42,1.7,2.1,1.13,2.08,1.24,1.73,0.72,5.19,0.71,1.35,2.91,59.98,2.27,39470.47,34623.22,321.17,33.76,28.02,83.1,31.16,80.5,118.93,640.53,543.41,1142.57,997.15,4615.97,4615.97,2181.26,3.5,70.66,49.79245,9.932966
Ulm,Germany,12.46,1.11,2.6,2.26,2.67,12.88,9.81,9.35,2.46,1.65,2.07,0.85,1.19,0.92,0.93,0.45,5.18,0.6,1.5,2.6,64.4,2.23,27006.11,38951.12,245.82,34.8,48.47,107.33,35.06,76.6,106.47,960.79,804.99,1428.21,1142.57,5453.16,4154.79,3232.94,2.12,69.44,48.3974003,9.9934336
Monza,Italy,17.14,1.37,2.03,2.44,2.77,13.09,9.04,17.64,2.22,1.49,1.86,2.44,1.07,1.51,1.0,0.54,5.66,1.68,2.3,1.87,46.74,2.16,25967.42,28044.81,169.04,28.16,38.78,83.1,36.35,92.18,144.12,737.47,467.41,1947.56,1111.41,3765.28,2077.39,1965.61,1.86,84.99000000000001,45.639544,9.278869369225038
Leiria,Portugal,9.35,0.63,1.02,0.88,1.59,6.72,4.5,8.92,1.43,1.09,1.08,1.66,0.84,1.0,0.98,0.47,3.12,0.86,1.19,1.56,13.01,2.11,27525.46,30693.49,176.58,32.55,31.16,51.93,29.6,63.62,60.59,779.02,592.06,1038.7,685.54,2499.1,1852.34,1467.16,2.17,46.13999999999999,39.7437902,-8.8071119
Cambridge,United Kingdom,18.02,1.24,1.44,1.63,2.77,7.62,7.24,14.94,3.1,1.49,2.68,3.46,1.34,1.47,1.09,1.39,9.01,2.14,2.92,3.84,69.67,1.97,25825.3,31630.99,253.0,34.83,37.64,84.58,38.7,98.35,99.85,1535.79,1176.4,2627.57,2047.46,8215.55,6143.52,3247.35,4.03,82.07000000000001,52.2055314,0.1186637
Exeter,United Kingdom,14.41,1.05,1.09,1.17,2.35,6.71,7.38,10.21,2.0,1.11,1.78,1.63,1.07,1.11,0.78,1.37,8.41,2.18,2.38,3.24,71.47,1.89,27362.8,26341.8,227.5,37.84,27.87,83.33,39.04,84.94,125.92,903.46,792.78,1747.71,1451.42,7813.74,6987.85,2342.29,3.07,65.81000000000002,50.7255794,-3.5269497
Colchester,United Kingdom,18.02,1.31,1.2,1.0,1.97,6.34,5.85,9.61,2.2,1.1,2.55,1.52,0.87,1.13,0.71,1.25,8.41,2.72,2.7,3.12,69.67,1.88,19681.28,36023.29,238.4,38.74,36.01,73.27,49.55,102.1,128.83,867.85,844.83,1521.49,1442.91,3002.94,2642.59,2413.54,2.96,67.76,51.8896903,0.8994651
Aalborg,Denmark,18.16,1.56,2.67,2.19,4.25,11.75,11.0,16.21,2.87,2.77,2.75,2.77,1.94,1.48,1.62,1.76,10.13,1.77,2.83,3.35,55.87,2.07,36732.96,45020.55,200.33,31.25,33.5,85.55,35.38,89.02,114.73,766.43,535.4,1255.28,1007.17,4324.24,3299.89,3397.46,2.13,97.64999999999999,57.0462626,9.9215263
Setubal,Portugal,10.39,0.71,1.33,1.08,1.9,9.97,8.31,11.94,1.42,1.05,1.47,2.02,1.11,0.92,1.05,0.52,3.12,0.97,2.42,1.87,41.55,2.1,28564.16,27006.11,100.75,35.32,31.39,85.69,31.16,73.86,87.55,701.12,454.43,882.89,1246.44,1558.04,1389.26,1034.89,2.68,59.28,38.5241783,-8.8932341
Bergamo,Italy,15.58,1.31,1.96,2.01,2.97,14.54,9.87,16.27,2.14,1.71,2.26,3.38,1.62,1.36,1.3,0.44,6.23,1.65,2.32,1.56,41.55,2.09,23370.67,26486.76,249.78,28.94,48.86,82.32,33.97,87.82,122.34,675.15,558.3,1558.04,856.92,2302.44,1428.21,1705.19,1.73,86.6,45.756655699999996,9.754219200862249
Maastricht,Netherlands,15.06,1.05,2.02,2.04,1.96,11.6,8.29,28.55,2.85,1.33,1.44,2.66,1.0,0.92,0.78,0.62,6.22,1.24,1.76,3.53,51.93,2.23,26432.23,22851.33,323.27,44.14,32.46,74.44,38.95,105.6,109.93,1125.04,945.21,1731.16,1298.37,4726.07,2596.74,3029.53,1.5,89.62999999999998,50.85798545,5.6969881818221095
Pescara,Italy,18.7,1.22,1.87,2.25,3.23,11.3,7.61,14.37,2.2,1.68,2.0,2.3,1.64,1.9,2.08,0.62,6.23,1.11,2.42,1.56,35.84,2.28,20773.93,20773.93,202.55,31.16,51.91,87.6,33.76,100.75,148.88,571.28,450.1,917.52,657.84,2077.39,1558.04,1320.63,1.91,82.31000000000002,42.3102619,13.95759010584892
Bruges,Belgium,15.58,0.83,1.55,1.82,2.03,10.39,10.08,17.61,1.56,1.77,1.77,1.71,0.93,0.8,1.01,0.49,5.19,1.45,1.48,3.01,20.77,1.9,22851.33,28044.81,169.85,45.44,29.5,86.21,33.76,62.32,109.06,671.0,597.25,998.63,780.75,2830.45,2077.39,2077.39,1.6,76.57000000000001,44.8842379,-0.6111474
Trento,Italy,14.54,1.28,2.19,2.06,2.92,12.33,10.49,22.68,1.72,1.27,2.39,2.25,1.23,1.28,1.58,0.42,7.01,1.32,1.64,1.25,34.07,2.14,28538.19,24582.49,163.75,32.33,63.66,70.98,31.51,79.85,138.49,727.09,545.32,1329.53,1064.66,5539.72,3635.44,1730.67,1.24,88.96,46.1029536,11.12974249416882
Linkoping,Sweden,11.43,1.23,2.03,2.24,2.82,8.07,8.4,16.47,2.64,2.2,2.56,3.38,1.22,1.18,2.7,1.38,11.43,1.67,1.91,2.48,59.54,1.92,20147.74,18353.66,57.28,32.95,38.1,94.76,40.72,114.29,142.87,714.46,611.26,1143.13,904.98,6334.87,3048.36,2729.23,3.0,83.05000000000003,58.4098135,15.6245252
Helsingborg,Sweden,9.53,1.32,2.25,2.25,3.02,7.07,8.1,16.79,2.19,1.6,2.27,3.05,1.12,1.1,2.1,1.62,9.86,1.26,1.41,2.57,97.6,1.91,26196.83,29054.67,76.92,28.53,32.15,78.57,39.03,72.87,127.01,746.85,714.46,1238.4,938.32,3969.22,3810.45,2381.0,2.5,76.5,56.0442098,12.703706
Erlangen,Germany,14.02,1.01,2.42,2.08,2.63,13.55,7.55,25.62,2.26,1.65,2.05,0.82,1.14,1.15,1.34,0.64,6.23,0.56,1.55,2.54,59.41,2.25,25967.42,31160.9,243.99,31.03,26.66,84.76,42.59,89.12,103.87,691.77,553.97,1520.95,994.18,5885.95,3981.67,3558.16,1.64,86.72000000000001,49.5928616,11.0056
Vicenza,Italy,13.5,1.44,2.02,1.6,3.42,10.37,8.89,17.29,2.0,1.81,2.31,3.22,1.27,2.08,1.95,0.49,5.19,1.9,2.34,2.08,41.55,2.17,25084.52,29083.51,249.22,29.07,44.14,97.81,33.24,76.17,103.87,516.75,421.71,1012.73,727.09,2735.23,1627.29,1635.95,2.96,80.75,45.63485905,11.40635425660249
Kristiansand,Norway,15.08,1.84,2.76,3.12,4.15,9.77,12.83,28.4,2.92,2.51,2.78,3.5,2.05,2.09,2.26,1.55,11.56,3.42,4.42,3.37,77.41,2.05,32674.09,28652.66,200.07,49.43,36.75,86.46,33.93,80.43,149.55,888.07,703.75,1709.11,1306.96,4574.37,3393.08,4256.01,2.89,112.59,58.085627599999995,7.93185802875815
Jena,Germany,7.27,1.02,1.44,2.25,2.43,9.49,8.27,8.83,2.77,1.46,2.07,1.78,0.87,0.96,0.93,0.51,5.19,0.69,1.56,2.29,65.13,2.23,28044.81,25967.42,313.23,38.69,25.97,62.32,17.31,96.95,102.14,605.91,381.72,1350.31,848.27,5020.37,4085.54,2739.56,2.25,58.23,50.9281717,11.5879359
Funchal,Portugal,8.31,0.65,1.27,0.93,2.4,6.92,4.8,7.75,1.42,1.2,1.16,1.32,0.91,1.24,1.12,0.75,4.78,1.17,2.23,2.03,36.35,2.11,31680.25,29949.09,80.4,33.24,44.66,65.78,31.03,66.87,79.2,839.61,640.53,1289.71,1038.7,2146.64,1454.18,1075.05,1.98,48.1,32.6496497,-16.9086783
Maidstone,United Kingdom,18.02,1.31,1.66,2.15,3.35,13.21,12.1,12.01,4.28,2.45,3.06,2.41,1.86,1.88,1.07,1.53,9.3,2.12,2.85,3.84,104.43,1.86,28001.72,32420.49,312.19,33.78,55.25,82.89,44.67,74.48,109.32,1666.25,826.81,3346.08,2360.85,3032.97,2582.53,3238.54,3.33,93.77,51.2748258,0.5231646
Winterthur,Switzerland,23.25,1.88,3.9,2.82,6.9,30.29,22.32,32.23,3.54,2.94,2.68,4.39,3.66,3.7,2.79,0.68,13.74,1.78,1.98,3.38,97.75,1.92,31333.29,37766.39,174.59,59.0,102.74,135.06,68.69,145.04,158.52,1677.63,1215.29,2705.12,2007.87,16829.09,12060.41,5988.37,1.43,163.48999999999998,47.4991723,8.7291498
Girona,Spain,12.46,0.92,1.07,1.25,2.6,8.57,8.15,11.17,2.19,2.93,2.06,2.92,1.97,1.09,0.95,1.01,5.19,1.45,1.0,1.45,35.11,1.7,25967.42,20773.93,171.73,43.28,47.48,78.77,30.29,71.41,110.79,670.68,588.59,1298.37,1038.7,3431.85,1878.31,1990.84,3.1,67.95000000000002,41.9793006,2.8199439
Delft,Netherlands,10.39,1.06,2.02,2.07,1.84,11.6,8.29,26.95,2.71,1.33,1.45,2.54,1.0,0.92,0.78,0.62,6.22,1.24,1.82,2.6,54.01,2.16,28953.67,26995.73,229.6,41.7,30.12,77.04,31.16,82.23,134.16,1146.46,654.38,1552.85,1376.27,4501.02,3393.08,2982.83,3.27,83.03,51.999457199999995,4.362724538543995
Eastbourne,United Kingdom,36.04,0.92,1.23,1.8,2.26,7.81,10.49,9.41,2.25,2.22,3.0,1.77,3.0,2.4,1.42,2.4,7.21,2.1,2.46,3.54,75.1,1.83,26425.89,28527.95,192.46,36.04,40.84,61.56,43.54,102.1,126.12,720.71,720.71,1681.65,1441.41,990.97,912.89,2042.0,4.0,97.72999999999999,50.7664372,0.2781546
Leuven,Belgium,15.58,0.95,1.67,2.16,2.4,12.41,9.02,18.09,2.17,1.75,2.03,2.55,1.88,1.05,0.97,0.67,7.27,1.53,2.45,2.6,38.09,1.93,25967.42,28235.24,196.35,43.55,29.16,82.35,36.8,77.9,131.14,842.51,722.29,1351.46,1150.88,5750.57,4079.31,2499.3,2.1,84.14999999999999,50.879202,4.7011675
Klagenfurt,Austria,12.46,1.14,4.33,2.83,3.27,17.92,12.74,16.27,1.95,1.51,2.77,3.38,1.38,1.14,1.58,0.56,6.23,1.06,1.77,2.29,44.66,1.91,28283.71,20140.33,334.98,39.3,42.33,98.68,45.01,86.56,124.64,662.17,534.93,1211.81,882.89,3524.64,3687.37,1717.31,1.97,92.52000000000001,46.623943,14.3075976
Ancona,Italy,15.58,1.27,2.06,1.96,3.15,14.94,9.76,21.79,1.99,1.75,2.21,2.42,1.38,1.73,2.15,0.57,6.23,1.65,1.58,1.45,36.35,2.1,23890.02,34796.34,163.63,30.42,47.39,81.02,33.58,76.6,91.75,489.05,441.45,997.15,701.12,3116.09,2414.97,1483.03,2.03,92.58999999999999,43.480120400000004,13.218790609151764
Maribor,Slovenia,8.31,1.01,1.03,1.27,2.48,8.48,7.92,10.65,1.66,1.69,1.85,2.34,1.41,1.12,1.3,0.62,5.19,1.36,1.78,2.08,30.12,1.57,19735.24,17990.23,215.02,34.11,33.05,74.19,35.49,75.11,85.4,402.49,367.44,798.5,620.62,1934.57,1648.93,1297.22,2.96,59.68999999999998,46.5576439,15.6455854
Bath,United Kingdom,16.22,1.14,1.31,1.84,2.98,6.31,5.49,14.41,1.44,1.1,2.1,2.3,1.58,2.0,0.8,1.54,9.61,3.08,1.92,3.6,90.01,1.84,27627.06,30029.42,290.17,40.64,43.24,81.08,37.54,87.09,111.71,1501.47,960.94,3083.02,2207.16,9423.13,4002.54,3283.22,3.4,75.24999999999999,51.3813864,-2.3596963
Chester,United Kingdom,18.02,1.2,1.66,1.49,2.03,6.91,6.91,8.57,2.08,1.6,1.6,1.92,0.88,1.08,1.28,1.08,9.61,2.03,3.0,3.6,54.65,1.86,25705.18,24023.53,162.64,32.43,41.56,93.09,38.04,84.08,98.1,1271.25,870.85,2522.47,1678.64,2702.65,2642.59,3450.38,2.57,69.95,53.1908873,-2.8908955
Jonkoping,Sweden,9.53,1.27,2.22,2.3,3.16,9.02,8.89,13.32,2.69,2.31,2.4,3.08,1.38,1.24,1.79,1.36,8.1,2.02,2.07,2.86,80.5,1.95,23762.91,23518.94,81.5,27.24,33.14,93.57,34.26,95.02,177.19,796.62,618.96,1435.65,947.21,4232.2,2251.4,2199.2,2.21,76.08,57.7825634,14.165719
Como,Italy,16.62,1.48,1.8,2.6,3.51,20.08,12.81,21.03,2.08,2.02,1.9,2.08,1.84,1.9,1.77,0.74,6.75,1.81,2.86,1.56,33.5,2.19,24409.37,30641.55,192.76,27.7,44.43,107.33,27.7,119.45,138.49,865.58,545.32,1713.85,1159.88,5020.37,2631.36,1661.91,2.6,102.82000000000001,45.939475900000005,9.149410145408947
Lucerne,Switzerland,26.42,1.69,3.65,2.25,6.27,22.19,26.42,72.21,3.46,3.01,3.35,3.5,2.96,2.75,2.11,1.51,10.57,2.22,2.85,4.23,84.54,2.01,30646.39,27476.07,246.09,53.9,83.03,105.68,61.29,121.53,135.62,1409.03,1092.0,2729.99,2403.4,11360.3,8189.98,5298.28,1.5,196.54,47.0505452,8.3054682
Galway,Ireland,14.02,1.41,1.59,1.3,3.0,8.85,8.76,11.62,2.49,1.68,2.46,3.87,1.71,1.52,1.19,1.23,10.39,2.76,3.05,2.49,62.32,1.94,28486.26,29141.93,181.37,49.86,45.29,71.22,28.94,77.9,77.16,1382.76,1100.07,2233.2,1712.09,3957.95,3323.83,2398.92,3.52,79.85000000000001,53.2744122,-9.0490601
Aveiro,Portugal,7.27,0.77,1.2,1.1,2.03,7.52,6.17,8.83,1.56,1.13,1.52,1.72,1.1,1.09,1.11,0.38,3.12,1.39,1.66,2.08,31.16,2.1,20773.93,27006.11,105.84,34.74,32.46,73.88,30.42,60.76,66.86,573.28,510.69,930.5,766.04,2319.76,1506.11,840.68,2.67,49.010000000000005,40.640496,-8.6537841
Gavle,Sweden,10.96,1.21,2.08,2.21,2.86,7.74,9.76,16.19,2.5,2.14,2.5,3.77,1.0,1.05,1.94,1.64,9.05,2.06,1.65,3.67,52.39,1.89,24767.91,27943.29,111.7,35.7,41.68,107.17,42.87,90.5,158.37,738.37,547.75,1738.79,1238.58,2984.85,1873.47,1968.73,2.5,80.66000000000001,60.6750132,17.1467019
Antibes,France,15.58,1.0,1.87,1.66,3.83,30.38,10.25,15.58,2.7,1.93,2.72,3.51,1.74,3.25,1.17,0.46,7.27,2.49,2.08,1.56,40.25,2.06,28252.55,29083.51,168.61,28.9,36.11,101.58,45.01,105.95,142.82,760.85,638.28,1791.75,1298.37,5029.02,3835.39,2867.96,1.6,107.38999999999999,43.5836,7.10905
Walton upon Thames,United Kingdom,26.43,1.17,1.3,1.88,2.68,5.78,7.27,12.6,2.38,2.11,3.23,2.37,1.39,1.41,1.05,0.95,10.51,2.11,3.45,2.1,191.59,1.83,31428.79,24755.05,262.66,38.04,76.88,77.78,39.04,58.06,73.07,3002.94,1341.31,2762.71,2102.06,13278.29,6907.05,2882.82,3.08,86.62000000000002,51.3986043,-0.2527497
Faro,Portugal,9.87,0.66,1.71,1.01,1.84,6.49,4.9,11.42,1.63,1.1,2.09,2.0,1.3,1.24,1.35,0.78,5.19,1.31,1.27,2.41,41.55,2.11,31160.9,27187.88,70.63,36.61,32.2,84.13,30.9,68.81,102.57,779.02,649.19,1477.23,1150.1,2518.84,1800.41,1122.14,2.27,55.89,37.0162727,-7.9351771
Limerick,Ireland,15.58,1.09,1.37,1.14,3.03,7.56,9.08,11.04,1.77,2.03,2.22,2.01,1.47,1.21,0.97,1.05,10.39,2.51,2.78,2.08,69.25,1.98,25448.07,21812.63,161.67,64.55,55.4,46.61,33.24,84.83,77.9,1257.98,952.14,2181.26,1498.69,2849.92,1936.3,3030.73,3.23,75.52,52.661252,-8.6301239
Larnaca,Cyprus,15.58,1.93,1.94,2.39,3.08,11.69,8.06,12.54,2.39,1.94,1.86,2.58,1.28,1.1,0.73,1.09,7.27,1.53,2.66,2.08,41.55,1.59,25448.07,32857.44,202.1,36.35,59.11,93.48,38.66,87.25,98.68,834.15,608.84,1535.79,1106.61,2051.43,1357.72,1199.69,2.71,78.98,34.9236095,33.6236184
Vejle,Denmark,16.76,1.54,1.82,2.33,3.82,11.72,7.68,13.27,2.79,3.07,3.03,3.67,1.62,1.89,2.19,1.07,11.17,1.35,2.79,3.35,55.87,2.0,44624.26,29330.5,227.96,36.06,31.43,85.55,57.61,97.77,139.67,715.8,651.79,1396.69,1099.89,3026.16,2234.7,3452.15,2.0,90.78999999999999,55.7000057,9.5333238
Waterford,Ireland,19.74,1.18,2.13,2.07,3.03,7.85,9.29,10.04,2.56,1.93,2.99,1.97,2.13,1.35,1.04,1.37,12.98,2.32,2.6,2.6,68.03,1.99,30641.55,34311.61,203.36,56.26,45.01,92.0,47.61,99.27,113.22,1036.39,984.81,1811.95,1558.04,3289.21,2886.47,2671.79,3.83,85.97,52.2609997,-7.1119081
Celje,Slovenia,10.39,1.0,1.58,1.43,2.47,10.39,8.14,8.48,1.52,1.24,1.14,2.21,0.62,0.98,1.38,0.88,4.41,1.2,2.41,1.25,20.77,1.45,20509.07,18901.68,260.83,37.39,50.64,75.31,38.09,74.44,86.56,428.46,376.53,813.65,709.78,2215.89,1623.14,1106.81,3.0,59.46000000000002,46.2293889,15.2616828
Tromso,Norway,18.1,1.84,2.45,2.51,3.23,10.52,13.9,28.7,3.0,2.17,3.09,4.07,2.36,2.51,2.36,1.41,15.08,2.84,4.35,3.62,50.27,2.16,35187.48,33511.89,165.17,54.64,37.05,99.87,40.19,104.29,124.94,1055.62,838.22,1991.86,1464.95,6430.37,5184.77,3523.36,2.88,120.14000000000001,69.6516345,18.9558585
Kranj,Slovenia,7.79,1.01,1.14,1.63,2.29,13.76,9.22,11.77,1.45,1.24,1.87,1.9,1.11,0.93,0.99,0.52,5.19,1.13,1.69,1.14,31.16,1.45,20254.58,21526.99,250.19,38.95,38.3,62.32,36.35,74.44,114.26,405.09,319.4,882.89,727.09,2734.89,2423.28,1138.06,3.62,64.94,46.2432635,14.3549501
Paphos,Cyprus,12.46,1.61,1.4,1.81,2.82,9.24,7.11,8.46,2.0,1.29,1.38,1.97,0.73,0.75,0.53,0.71,6.47,1.06,1.74,1.56,41.55,1.54,20254.58,16619.15,126.5,34.05,51.93,68.55,37.0,75.95,92.62,703.12,519.35,1194.5,1046.69,1578.82,1207.48,1212.31,2.75,61.800000000000004,34.7743988,32.4231586
Neuchatel,Switzerland,19.02,1.59,3.17,2.78,5.31,20.78,23.78,43.59,6.69,3.91,2.47,4.4,2.47,3.1,2.29,1.62,10.57,1.87,2.47,4.44,77.14,1.97,25362.53,20078.67,246.84,47.55,65.17,105.68,47.55,108.32,130.34,951.09,816.36,2324.9,1875.77,8982.56,7925.79,5521.63,1.42,159.41,46.9895828,6.9292641
Zug,Switzerland,31.7,1.72,3.32,3.13,5.94,23.99,19.04,49.93,3.89,3.01,5.39,4.5,3.12,2.42,3.42,1.02,12.95,2.01,2.11,3.59,84.01,1.97,36987.02,35930.24,206.23,57.04,101.58,89.83,44.91,123.51,161.16,2021.08,1618.18,4015.73,2906.12,17612.87,12329.01,7910.52,1.12,180.49999999999994,47.1486137,8.5539378
Sliema,Malta,15.58,1.09,1.13,3.08,3.19,9.48,8.76,17.75,3.0,2.27,3.12,2.45,1.78,1.8,1.49,1.1,7.27,1.94,2.64,2.08,27.01,1.42,24928.72,28875.77,111.13,36.35,58.6,72.71,34.13,91.54,108.32,939.77,746.22,1814.99,1281.06,4336.56,3168.02,1390.17,3.71,86.27999999999999,35.9127609,14.5020708
Arese,Italy,15.58,1.17,2.21,2.6,2.27,15.58,8.31,17.31,1.69,1.9,2.18,2.08,1.56,1.73,1.21,0.29,4.15,1.73,2.58,1.56,33.76,2.28,24928.72,19735.24,210.34,29.43,48.76,84.65,31.16,84.83,117.72,571.28,415.48,1038.7,727.09,2700.61,2181.26,1538.57,1.88,83.55000000000003,45.5499106,9.0782851
Wexford,Ireland,15.58,1.37,1.45,1.71,2.08,7.14,6.23,12.08,2.47,3.42,2.49,2.91,1.35,1.31,1.26,1.73,10.39,2.11,2.74,3.38,135.48,1.93,25967.42,30381.88,115.87,28.3,36.35,80.5,27.27,61.28,72.71,1229.12,1073.32,2215.89,1869.65,2386.5,2326.33,1943.23,6.5,77.08000000000001,52.46018745,-6.606515459159162
Southwick,United Kingdom,10.81,1.26,1.04,0.54,2.62,5.66,6.31,12.61,2.37,1.05,2.5,4.54,1.1,0.99,0.81,1.16,8.41,1.41,1.38,2.04,144.14,1.85,19459.06,21020.59,174.95,40.84,35.07,76.07,33.63,81.08,65.06,2132.09,1381.8,4644.55,3243.18,13212.94,6023.3,2538.63,1.5,65.18999999999998,51.2884693,-2.2370228499999962
Gzira,Malta,18.7,1.26,1.67,2.59,2.99,10.11,9.05,15.93,3.3,2.08,3.19,3.38,2.82,3.18,2.08,1.04,10.39,1.91,2.97,2.08,33.76,1.39,24409.37,27006.11,121.42,37.58,77.75,83.84,40.51,93.48,139.36,948.46,807.88,1633.06,1343.81,4544.3,3323.83,1506.11,4.53,95.67,35.9077803,14.4961247
Udine,Italy,12.46,1.24,1.96,1.69,2.53,9.0,6.1,14.28,1.4,1.33,2.44,2.6,0.96,1.14,0.83,0.45,5.19,1.2,1.74,1.48,33.24,2.2,25344.2,27006.11,157.03,30.09,45.44,58.43,52.97,71.41,89.15,436.25,353.16,597.25,488.19,1357.23,934.83,1555.57,1.67,66.80000000000001,46.0634632,13.2358377
Pisa,Italy,12.46,1.22,1.64,1.87,3.49,16.88,8.93,16.1,2.06,1.51,2.18,2.97,2.08,2.22,1.42,0.37,8.31,1.48,2.42,1.56,33.24,2.22,21293.28,27006.11,212.77,29.08,45.33,81.8,54.53,81.02,148.01,571.28,558.3,1090.63,830.96,3635.44,2259.17,1402.24,2.7,87.19000000000003,43.7159395,10.4018624
Hilversum,Netherlands,18.7,1.04,1.97,2.08,2.04,11.6,8.29,28.55,2.8,1.33,1.47,2.63,1.08,0.93,0.8,0.62,6.22,1.24,1.76,3.9,103.87,2.18,30982.24,26659.88,237.16,40.21,58.43,110.79,46.74,111.66,127.76,1217.87,1006.24,1856.67,1558.04,4674.13,4391.96,4414.46,2.87,93.38999999999999,52.2241375,5.1719396
Treviso,Italy,15.58,1.27,2.01,2.01,3.58,13.33,9.35,18.0,1.68,1.81,2.12,2.84,1.2,1.43,0.96,0.58,6.23,1.47,1.91,1.56,38.43,2.08,23370.67,27762.63,173.98,29.85,44.79,77.9,50.64,76.17,121.18,682.94,528.0,1661.91,934.83,3344.6,1904.14,1546.5,2.33,85.45000000000002,45.806691349999994,12.206315763116372
Torrevieja,Spain,12.46,0.93,1.36,1.25,2.21,9.02,6.82,8.93,2.47,1.5,1.61,1.56,1.37,1.23,0.91,0.65,5.19,0.53,1.76,1.56,44.14,1.61,34110.8,41547.87,113.54,26.86,32.46,55.83,23.37,69.25,51.93,467.41,536.66,986.76,865.58,1666.07,1339.92,1272.4,3.0,59.999999999999986,37.9775416,-0.6828446
Guildford,United Kingdom,18.02,1.46,1.75,1.88,3.06,12.7,7.68,13.73,3.01,2.01,2.93,3.37,1.21,1.33,0.71,0.74,8.41,2.48,2.35,3.0,76.27,1.86,22822.36,22371.92,253.34,35.01,38.09,60.16,41.74,73.07,80.48,1571.74,1191.17,2702.65,2582.53,6678.54,6005.88,3780.1,3.61,86.47999999999999,51.2356068,-0.5732063
Lugano,Switzerland,31.7,1.56,3.03,3.83,6.24,24.83,20.61,56.19,3.43,2.27,3.26,4.52,2.38,2.18,2.27,1.16,15.85,1.8,2.78,2.48,84.54,2.0,30646.39,29536.77,181.53,60.24,119.26,113.98,40.51,122.85,137.38,1720.19,1393.62,3073.44,2198.09,13870.13,6382.9,5369.53,1.38,187.11000000000004,46.0050102,8.9520281
Woking,United Kingdom,24.02,1.66,1.18,2.34,2.52,6.83,6.96,13.33,2.5,1.61,2.55,2.88,1.42,1.88,0.93,1.54,9.61,2.79,3.15,3.36,132.13,1.86,27026.48,25224.71,164.02,47.81,76.07,74.07,45.04,89.09,97.1,1321.29,1021.0,2242.2,1941.9,7969.81,6047.92,3489.42,5.57,86.55000000000001,51.3201891,-0.5564726
Portimao,Portugal,8.31,0.71,1.08,1.04,2.19,5.48,4.55,7.01,1.69,1.07,1.27,1.84,0.86,0.97,0.59,0.59,4.15,1.07,1.4,1.56,20.77,2.14,24409.37,22331.98,82.08,24.67,37.99,47.78,17.66,53.67,53.75,631.01,623.22,882.89,948.68,1928.34,1772.64,1390.12,1.96,44.47000000000001,37.1375808,-8.5368426
Canterbury,United Kingdom,15.01,1.04,1.53,3.36,3.0,11.84,8.64,12.81,2.4,1.31,2.6,5.81,1.12,1.14,0.62,1.11,10.48,2.28,3.88,5.41,112.28,1.86,33032.36,33632.95,326.82,41.32,48.05,104.1,51.05,97.1,82.58,1041.02,700.69,1721.69,1501.47,4204.12,3843.77,2613.19,2.33,86.10000000000002,51.2800275,1.0802533
Siena,Italy,15.58,1.42,2.49,2.1,2.7,22.07,11.43,22.07,2.6,1.95,3.05,2.8,2.11,2.04,1.28,0.33,6.23,1.4,1.77,1.56,37.91,2.28,18696.54,14541.75,320.7,31.89,61.54,93.48,57.13,129.84,176.58,744.4,675.15,1256.82,1004.07,5712.83,2596.74,1485.34,2.19,103.65,43.1672254,11.467181161339118
Pordenone,Italy,15.58,1.11,1.77,1.92,3.49,9.61,9.69,17.66,1.8,1.84,2.43,2.82,1.32,1.55,1.35,0.4,5.19,1.27,2.26,1.56,46.74,2.13,24928.72,27979.89,206.8,32.33,43.28,69.74,32.5,70.76,103.87,546.35,469.49,851.73,675.15,1514.77,1211.81,1539.93,2.46,80.79999999999998,45.9562503,12.6597197
Haugesund,Norway,15.37,1.9,2.36,1.84,3.65,10.55,12.66,28.33,2.45,2.0,2.65,2.6,1.68,2.18,2.16,1.62,14.58,3.41,3.31,1.51,50.27,2.05,37680.77,33779.98,175.13,58.43,43.43,74.38,37.68,76.39,120.62,703.75,552.95,1306.93,1080.73,2473.18,2243.39,3310.2,2.57,111.99000000000001,59.46824785,5.082761213563481
